Date,Time,Voltage_V,CPU_Load_Pct,Temperature_C,Fan_RPM,Label
1.7.2026,54:00.5,0.731,22.3,50,7308,1
1.7.2026,02:29.5,0.876,22.1,55,4801,0
1.7.2026,43:37.6,0.727,16.8,47,7295,1
1.7.2026,16:38.0,0.842,16.4,49,4789,0
1.7.2026,19:58.7,0.658,27.5,54,4812,0
1.7.2026,59:41.1,0.752,17.9,54,5028,0
1.7.2026,15:39.7,0.996,20.4,57,4812,0
1.7.2026,12:40.6,0.864,100.0,90,7322,2
1.7.2026,19:13.0,0.784,100.0,70,7254,2
1.7.2026,03:59.8,0.769,8.9,51,4789,0
1.7.2026,20:37.0,0.724,100.0,67,7281,2
1.7.2026,23:59.3,0.703,16.8,53,4996,0
1.7.2026,54:32.7,0.99,43.5,63,7295,1
1.7.2026,43:15.4,0.776,25.9,51,6850,1
1.7.2026,12:19.1,0.824,23.7,57,4783,0
1.7.2026,05:05.9,0.941,20.2,65,4795,0
1.7.2026,16:09.1,0.689,100.0,61,7281,2
1.7.2026,26:55.8,0.824,78.7,68,4996,0
1.7.2026,20:16.8,0.927,46.5,59,4818,0
1.7.2026,04:45.9,0.681,11.4,51,4783,0
1.7.2026,23:19.2,0.856,21.6,60,4996,0
1.7.2026,22:37.1,0.661,16.1,51,4990,0
1.7.2026,51:27.8,0.666,41.3,54,7268,1
1.7.2026,51:59.7,0.747,23.3,54,4709,0
1.7.2026,12:50.6,0.859,100.0,87,7349,2
1.7.2026,48:30.9,0.764,32.1,53,7295,1
1.7.2026,59:25.0,0.796,17.3,55,5034,0
1.7.2026,00:25.2,0.863,26.2,55,5021,0
1.7.2026,21:08.9,0.737,30.4,68,4990,0
1.7.2026,05:42.0,0.704,10.9,49,4795,0
1.7.2026,59:17.0,0.806,17.2,56,5015,0
1.7.2026,56:37.3,0.809,48.9,59,7295,1
1.7.2026,38:52.3,0.997,63.0,82,4818,1
1.7.2026,00:57.2,0.719,13.5,51,4996,0
1.7.2026,59:44.0,0.663,39.9,55,7308,1
1.7.2026,58:41.8,1.0,88.6,79,7281,1
1.7.2026,24:49.5,0.866,39.2,59,4996,0
1.7.2026,28:00.0,0.736,34.5,55,4996,0
1.7.2026,58:19.7,1.022,49.5,72,7349,1
1.7.2026,12:07.1,0.792,20.5,51,4818,0
1.7.2026,14:44.6,0.721,100.0,65,7241,2
1.7.2026,41:33.0,1.041,24.3,71,5028,1
1.7.2026,56:55.3,1.001,39.7,69,7268,1
1.7.2026,46:40.3,0.802,34.3,48,7295,1
1.7.2026,21:40.9,0.802,30.0,55,4996,0
1.7.2026,09:14.7,0.772,44.7,50,4812,0
1.7.2026,50:21.5,0.771,50.5,54,7295,1
1.7.2026,30:34.4,0.721,10.2,49,4783,0
1.7.2026,11:00.5,0.946,100.0,100,7295,2
1.7.2026,08:00.4,0.886,34.4,61,4818,0
1.7.2026,08:50.6,0.814,16.6,52,4812,0
1.7.2026,42:19.1,0.99,25.2,64,4990,1
1.7.2026,58:07.6,0.69,39.6,57,7308,1
1.7.2026,53:27.9,1.0,44.4,81,5028,0
1.7.2026,29:58.3,0.866,20.7,52,4783,0
1.7.2026,57:18.6,0.912,17.4,62,4990,0
1.7.2026,07:34.4,0.786,43.3,54,4812,0
1.7.2026,10:28.8,0.831,26.1,61,4777,0
1.7.2026,24:31.4,0.647,52.9,71,5002,0
1.7.2026,53:08.3,0.817,23.7,49,7268,1
1.7.2026,16:17.9,0.926,18.2,57,4807,0
1.7.2026,47:50.6,0.673,40.4,48,7295,1
1.7.2026,12:41.2,0.734,13.6,55,4789,0
1.7.2026,07:18.3,0.746,10.2,48,4777,0
1.7.2026,10:46.8,0.944,19.0,51,4777,0
1.7.2026,09:30.7,0.716,18.7,48,4818,0
1.7.2026,55:30.2,0.792,28.8,58,5028,0
1.7.2026,14:36.6,0.723,100.0,67,7308,2
1.7.2026,11:43.1,0.659,43.8,54,4795,0
1.7.2026,11:22.5,0.861,100.0,93,7363,2
1.7.2026,55:32.3,0.99,28.3,69,5028,0
1.7.2026,13:52.6,0.791,100.0,76,7308,2
1.7.2026,44:49.9,0.996,48.5,62,7268,1
1.7.2026,57:10.5,0.722,18.8,58,4996,0
1.7.2026,56:38.4,0.873,18.0,58,5034,0
1.7.2026,19:42.6,0.738,18.3,56,4842,0
1.7.2026,21:59.0,0.735,41.6,63,4990,0
1.7.2026,59:31.0,0.927,17.7,59,5034,0
1.7.2026,54:14.0,0.831,17.0,63,5028,0
1.7.2026,00:20.2,0.681,77.8,57,7308,1
1.7.2026,17:34.7,0.762,100.0,66,7349,2
1.7.2026,59:23.9,1.029,53.8,73,7308,1
1.7.2026,54:04.5,0.992,54.2,64,7308,1
1.7.2026,19:32.9,0.769,100.0,69,7308,2
1.7.2026,12:15.1,0.996,42.7,66,4812,0
1.7.2026,40:22.6,1.001,37.9,58,5028,1
1.7.2026,53:21.9,0.867,50.0,62,5034,0
1.7.2026,11:17.0,0.988,22.5,58,4824,0
1.7.2026,28:54.1,0.664,23.5,50,5028,0
1.7.2026,16:32.8,0.689,100.0,62,7295,2
1.7.2026,54:22.0,0.806,21.3,56,4990,0
1.7.2026,44:17.7,0.737,30.9,47,7295,1
1.7.2026,15:42.9,0.703,100.0,63,7295,2
1.7.2026,18:20.3,0.711,39.4,58,4812,0
1.7.2026,15:20.7,0.706,100.0,64,7336,2
1.7.2026,54:44.1,0.937,16.5,55,4996,0
1.7.2026,12:47.2,0.916,36.6,52,4812,0
1.7.2026,23:17.2,0.788,18.8,51,4990,0
1.7.2026,17:04.8,0.747,100.0,62,7308,2
1.7.2026,12:18.6,0.88,100.0,92,7281,2
1.7.2026,57:21.4,0.664,57.4,56,7322,1
1.7.2026,53:40.5,1.001,47.7,62,7295,1
1.7.2026,26:37.8,0.906,35.6,62,4990,0
1.7.2026,54:40.1,0.886,14.3,61,4990,0
1.7.2026,15:54.8,0.703,100.0,62,7281,2
1.7.2026,17:16.8,0.742,100.0,64,7322,2
1.7.2026,58:59.8,0.937,55.0,72,7281,1
1.7.2026,02:45.6,0.957,34.8,55,4783,0
1.7.2026,59:19.9,0.777,76.2,60,7281,1
1.7.2026,14:24.6,0.741,100.0,68,7349,2
1.7.2026,24:01.3,0.906,22.3,57,4990,0
1.7.2026,58:44.9,0.937,24.7,62,4996,0
1.7.2026,58:04.7,0.829,30.1,61,4996,0
1.7.2026,14:48.6,0.722,100.0,66,7349,2
1.7.2026,02:53.6,0.807,20.4,53,4783,0
1.7.2026,59:03.0,1.001,14.1,64,5034,0
1.7.2026,19:18.8,0.776,100.0,70,7308,2
1.7.2026,47:16.5,0.667,28.8,47,7281,1
1.7.2026,48:32.9,0.996,89.5,74,7268,1
1.7.2026,52:18.1,0.728,15.6,49,7241,1
1.7.2026,20:02.7,0.802,32.5,56,4812,0
1.7.2026,11:04.9,0.742,25.9,55,4824,0
1.7.2026,18:03.0,0.751,100.0,67,7322,2
1.7.2026,23:45.3,0.85,37.8,56,4983,0
1.7.2026,23:15.2,0.807,46.0,52,5002,0
1.7.2026,27:56.0,0.783,36.0,60,5002,0
1.7.2026,49:33.2,0.661,39.7,51,7308,1
1.7.2026,53:15.9,0.827,51.5,72,5028,0
1.7.2026,20:14.8,0.917,53.5,64,4783,0
1.7.2026,43:55.6,0.846,18.6,46,7308,1
1.7.2026,05:26.0,0.847,29.4,52,4783,0
1.7.2026,07:36.4,0.911,48.0,68,4818,0
1.7.2026,22:53.1,0.706,27.8,51,4990,0
1.7.2026,09:34.7,0.759,19.8,49,4795,0
1.7.2026,00:59.3,0.751,30.8,51,4964,0
1.7.2026,01:53.4,0.757,26.9,53,4996,0
1.7.2026,13:45.4,0.914,28.8,62,4818,0
1.7.2026,28:56.1,0.665,9.1,49,5021,0
1.7.2026,25:49.6,0.661,23.4,52,4996,0
1.7.2026,41:18.9,0.951,45.0,63,5028,1
1.7.2026,08:14.5,0.74,18.5,53,4754,0
1.7.2026,06:48.2,0.664,13.6,49,4789,0
1.7.2026,14:13.5,0.951,23.4,57,4996,0
1.7.2026,54:12.6,0.96,60.7,60,7322,1
1.7.2026,55:18.2,1.001,25.3,62,5028,0
1.7.2026,20:50.8,0.754,36.9,56,4789,0
1.7.2026,58:17.7,1.001,51.2,68,7322,1
1.7.2026,00:16.2,0.904,48.1,66,7295,1
1.7.2026,11:41.1,0.746,32.0,54,4783,0
1.7.2026,07:02.3,0.666,11.3,48,4795,0
1.7.2026,52:43.8,0.827,45.1,71,4812,0
1.7.2026,18:08.3,0.786,17.8,53,4812,0
1.7.2026,05:19.9,0.757,14.1,51,4789,0
1.7.2026,48:06.7,0.666,25.8,48,7281,1
1.7.2026,42:47.3,0.669,37.0,51,5028,1
1.7.2026,58:48.9,0.733,27.4,60,4964,0
1.7.2026,28:38.1,0.866,26.9,53,4964,0
1.7.2026,19:08.5,0.807,21.0,63,4818,0
1.7.2026,30:32.4,0.711,13.0,50,4777,0
1.7.2026,12:45.2,0.984,55.8,63,4818,0
1.7.2026,00:13.2,0.983,21.4,57,5021,0
1.7.2026,52:24.1,0.677,26.8,51,7419,1
1.7.2026,21:43.4,0.742,100.0,65,7281,2
1.7.2026,48:14.7,0.673,46.9,49,7281,1
1.7.2026,01:17.3,0.85,27.1,59,4996,0
1.7.2026,26:45.8,0.886,53.7,68,4996,0
1.7.2026,49:55.3,0.927,45.2,69,7281,1
1.7.2026,00:41.2,0.846,14.9,53,4996,0
1.7.2026,20:00.9,0.741,100.0,69,7281,2
1.7.2026,55:04.8,0.661,36.8,50,7281,1
1.7.2026,57:34.6,0.912,15.3,59,4996,0
1.7.2026,18:50.4,0.667,49.9,55,4812,0
1.7.2026,50:49.6,0.996,43.1,71,7281,1
1.7.2026,15:05.6,0.697,11.6,49,5015,0
1.7.2026,50:53.7,1.027,48.8,70,7281,1
1.7.2026,25:13.5,0.786,50.3,62,5002,0
1.7.2026,45:03.9,1.001,42.5,61,7281,1
1.7.2026,55:02.8,1.001,38.6,57,7281,1
1.7.2026,02:51.6,0.729,11.2,53,4795,0
1.7.2026,13:23.3,0.829,35.1,61,4807,0
1.7.2026,14:02.6,0.765,100.0,74,7201,2
1.7.2026,01:03.2,0.792,24.0,51,5002,0
1.7.2026,24:27.4,0.774,22.1,71,4990,0
1.7.2026,40:20.6,0.664,20.7,49,5015,1
1.7.2026,38:30.2,0.929,37.8,61,4818,1
1.7.2026,16:36.0,0.797,23.6,52,4818,0
1.7.2026,50:33.5,1.001,50.8,72,7295,1
1.7.2026,17:01.0,0.717,100.0,61,7295,2
1.7.2026,46:32.3,0.673,24.8,48,7281,1
1.7.2026,29:32.2,0.915,27.6,57,5002,0
1.7.2026,11:29.0,0.761,30.0,53,4812,0
1.7.2026,55:02.2,0.846,19.4,55,5028,0
1.7.2026,07:06.3,0.699,9.8,48,4801,0
1.7.2026,12:21.1,0.805,13.0,55,4795,0
1.7.2026,03:49.7,0.661,19.6,52,4789,0
1.7.2026,52:53.8,0.906,32.9,66,4783,0
1.7.2026,16:24.8,0.733,100.0,62,7281,2
1.7.2026,45:22.0,0.667,33.7,52,7295,1
1.7.2026,05:30.0,0.852,14.7,51,4789,0
1.7.2026,08:02.4,0.894,43.5,57,4818,0
1.7.2026,42:33.2,0.681,41.0,51,4971,1
1.7.2026,11:50.6,0.885,100.0,92,7336,2
1.7.2026,56:51.2,0.681,27.7,54,7295,1
1.7.2026,54:38.7,0.665,32.5,51,7281,1
1.7.2026,11:42.5,0.867,100.0,94,7349,2
1.7.2026,00:27.3,0.909,33.8,63,5021,0
1.7.2026,48:08.7,0.666,30.4,48,7268,1
1.7.2026,08:46.5,0.662,43.5,51,4818,0
1.7.2026,46:36.3,0.666,21.2,48,7308,1
1.7.2026,44:09.7,0.669,17.2,45,7308,1
1.7.2026,30:24.3,0.799,29.2,50,4783,0
1.7.2026,05:56.0,0.862,11.6,51,4789,0
1.7.2026,18:48.8,0.776,100.0,70,7336,2
1.7.2026,13:06.6,0.834,100.0,82,7377,2
1.7.2026,10:36.8,0.926,30.8,54,4789,0
1.7.2026,52:36.2,0.969,24.9,52,7349,1
1.7.2026,20:52.8,0.935,38.5,62,4783,0
1.7.2026,52:29.7,0.91,89.6,81,4812,0
1.7.2026,07:10.3,0.682,9.8,47,4789,0
1.7.2026,42:17.1,0.904,25.2,62,5002,1
1.7.2026,25:51.6,0.904,22.8,64,4990,0
1.7.2026,41:53.1,0.696,26.8,52,4996,1
1.7.2026,19:06.5,0.751,11.8,52,4807,0
1.7.2026,58:37.7,0.769,40.1,55,7336,1
1.7.2026,05:17.9,0.695,14.8,51,4783,0
1.7.2026,56:23.2,0.71,57.8,56,7308,1
1.7.2026,39:38.5,0.664,14.8,49,5073,1
1.7.2026,15:21.7,0.663,28.1,49,4818,0
1.7.2026,02:09.4,0.822,58.0,57,5009,0
1.7.2026,11:34.6,0.907,100.0,92,7322,2
1.7.2026,53:19.9,0.728,58.5,72,5028,0
1.7.2026,18:38.9,0.758,100.0,68,7308,2
1.7.2026,06:06.1,0.965,38.1,51,4789,0
1.7.2026,01:47.3,0.666,12.1,49,4990,0
1.7.2026,03:21.7,0.743,29.9,55,4789,0
1.7.2026,58:42.9,0.927,45.8,59,4996,0
1.7.2026,21:29.0,0.747,100.0,66,7322,2
1.7.2026,56:15.1,0.999,45.5,67,7268,1
1.7.2026,08:24.5,0.999,47.1,67,4818,0
1.7.2026,04:57.9,0.774,14.9,52,4789,0
1.7.2026,49:01.0,0.762,44.1,54,7295,1
1.7.2026,44:43.8,0.985,43.3,58,7281,1
1.7.2026,14:57.6,0.809,20.3,49,5028,0
1.7.2026,58:47.8,0.79,94.1,59,7281,1
1.7.2026,48:04.7,0.716,27.3,50,7228,1
1.7.2026,00:43.2,0.657,19.3,53,5002,0
1.7.2026,15:40.7,0.719,100.0,62,7295,2
1.7.2026,38:38.2,0.747,32.7,53,4812,1
1.7.2026,45:44.1,0.709,48.3,54,7295,1
1.7.2026,43:41.6,0.704,19.7,47,7281,1
1.7.2026,15:49.8,0.751,18.8,54,4789,0
1.7.2026,18:04.3,0.792,20.5,55,4824,0
1.7.2026,01:19.3,0.826,24.2,56,4990,0
1.7.2026,11:52.6,0.885,100.0,92,7336,2
1.7.2026,59:00.9,0.825,16.9,55,5034,0
1.7.2026,54:20.0,0.828,36.8,60,4990,0
1.7.2026,52:14.0,0.662,42.5,50,7241,1
1.7.2026,40:02.6,0.669,37.9,51,5028,1
1.7.2026,19:00.5,0.699,17.7,52,4818,0
1.7.2026,54:02.5,0.991,42.3,54,7308,1
1.7.2026,23:13.2,0.897,90.2,61,4996,0
1.7.2026,14:26.6,0.722,100.0,70,7295,2
1.7.2026,47:56.7,0.667,20.2,48,7308,1
1.7.2026,55:10.2,0.834,27.9,69,5034,0
1.7.2026,58:33.7,1.0,59.9,75,7322,1
1.7.2026,57:12.6,0.939,20.1,59,5002,0
1.7.2026,40:00.6,0.68,36.5,51,5034,1
1.7.2026,21:31.0,0.729,100.0,66,7322,2
1.7.2026,53:11.9,1.0,66.0,74,4996,0
1.7.2026,54:48.7,1.001,35.7,58,7281,1
1.7.2026,10:58.5,0.952,100.0,100,7322,2
1.7.2026,14:37.6,0.844,27.8,56,5009,0
1.7.2026,44:45.8,0.98,68.5,62,7268,1
1.7.2026,15:32.7,0.705,100.0,63,7349,2
1.7.2026,24:39.4,0.654,32.1,56,4996,0
1.7.2026,04:41.9,0.662,11.2,50,4795,0
1.7.2026,13:59.4,0.869,20.9,58,4818,0
1.7.2026,11:09.0,0.798,26.3,51,4818,0
1.7.2026,16:07.0,0.694,100.0,62,7281,2
1.7.2026,06:28.1,0.881,31.6,50,4812,0
1.7.2026,42:57.3,0.692,24.3,52,5041,1
1.7.2026,47:20.5,0.667,30.4,47,7308,1
1.7.2026,58:06.7,0.999,23.2,61,5002,0
1.7.2026,18:36.9,0.768,100.0,68,7336,2
1.7.2026,04:53.9,0.859,39.2,54,4801,0
1.7.2026,52:46.2,0.694,19.5,49,7295,1
1.7.2026,01:11.3,0.872,22.5,64,5002,0
1.7.2026,21:38.9,0.746,35.6,58,5002,0
1.7.2026,26:17.7,0.702,21.9,57,4996,0
1.7.2026,19:40.6,0.751,33.0,54,4812,0
1.7.2026,44:41.8,0.688,37.2,48,7254,1
1.7.2026,57:26.1,0.989,66.1,77,7295,1
1.7.2026,58:02.7,0.889,27.0,69,4996,0
1.7.2026,46:12.3,0.662,35.8,50,7295,1
1.7.2026,21:14.9,0.761,34.1,58,4990,0
1.7.2026,13:47.4,0.846,27.3,61,4818,0
1.7.2026,25:03.5,0.777,12.5,52,5002,0
1.7.2026,58:22.8,0.743,38.0,58,5002,0
1.7.2026,44:15.7,0.977,33.5,51,7281,1
1.7.2026,58:56.9,0.857,19.3,58,5021,0
1.7.2026,19:02.8,0.782,100.0,70,7336,2
1.7.2026,41:45.1,0.959,22.6,59,5060,1
1.7.2026,16:11.9,0.922,27.1,58,4795,0
1.7.2026,43:35.6,0.669,17.3,47,7295,1
1.7.2026,19:35.1,0.769,100.0,69,7308,2
1.7.2026,48:34.8,0.959,97.3,73,7295,1
1.7.2026,44:33.8,0.667,30.3,46,7281,1
1.7.2026,39:58.6,0.714,46.2,52,5021,1
1.7.2026,05:09.9,0.731,17.3,51,4789,0
1.7.2026,51:27.7,1.018,11.2,52,4703,0
1.7.2026,18:00.3,0.829,24.6,55,4818,0
1.7.2026,00:55.2,0.819,13.2,51,4996,0
1.7.2026,39:14.4,0.918,23.7,56,5028,1
1.7.2026,39:00.3,0.926,55.7,71,4909,1
1.7.2026,54:06.6,0.724,48.0,52,7322,1
1.7.2026,57:23.4,0.664,58.0,55,7322,1
1.7.2026,51:05.7,0.986,37.2,65,7295,1
1.7.2026,12:56.6,0.874,100.0,83,7336,2
1.7.2026,18:54.8,0.792,100.0,70,7349,2
1.7.2026,16:50.0,0.676,19.4,51,4818,0
1.7.2026,39:08.3,0.664,57.0,56,5034,1
1.7.2026,28:04.0,0.659,20.9,52,5002,0
1.7.2026,08:56.6,0.74,20.0,51,4766,0
1.7.2026,11:18.6,0.806,100.0,97,7308,2
1.7.2026,22:13.0,0.816,22.5,55,5002,0
1.7.2026,12:24.6,0.887,100.0,87,7322,2
1.7.2026,47:52.7,0.663,29.8,49,7281,1
1.7.2026,03:07.6,0.752,10.9,52,4789,0
1.7.2026,30:22.3,0.863,30.5,51,4789,0
1.7.2026,16:19.9,0.804,17.0,51,4807,0
1.7.2026,07:04.3,0.689,9.6,48,4783,0
1.7.2026,45:40.1,0.934,16.8,53,7241,1
1.7.2026,17:36.7,0.754,100.0,64,7268,2
1.7.2026,01:37.3,0.664,13.4,50,4996,0
1.7.2026,52:34.1,0.666,37.9,48,7281,1
1.7.2026,54:32.1,0.977,10.4,57,5009,0
1.7.2026,28:14.1,0.657,57.6,54,4996,0
1.7.2026,55:04.2,0.872,11.2,54,5028,0
1.7.2026,04:43.9,0.866,12.9,51,4795,0
1.7.2026,29:44.2,0.745,32.0,54,4807,0
1.7.2026,46:30.3,0.718,30.2,49,7308,1
1.7.2026,26:25.7,0.755,28.4,65,4996,0
1.7.2026,42:59.4,0.991,21.4,56,5015,1
1.7.2026,16:26.0,0.901,14.4,51,4807,0
1.7.2026,54:52.1,0.909,25.0,66,4952,0
1.7.2026,53:33.9,0.823,65.7,67,5021,0
1.7.2026,17:20.1,0.928,36.0,61,4824,0
1.7.2026,03:19.7,0.662,46.0,53,4789,0
1.7.2026,29:56.3,0.81,18.0,51,4789,0
1.7.2026,13:36.6,0.8,100.0,79,7295,2
1.7.2026,30:20.3,0.805,30.1,50,4789,0
1.7.2026,25:35.6,0.734,30.5,54,4990,0
1.7.2026,20:54.8,0.814,49.3,57,4795,0
1.7.2026,19:10.9,0.759,100.0,70,7214,2
1.7.2026,05:46.0,0.858,11.3,49,4789,0
1.7.2026,22:27.1,0.804,22.7,53,4996,0
1.7.2026,52:26.1,0.736,22.4,48,7322,1
1.7.2026,47:22.6,0.754,22.9,47,7281,1
1.7.2026,54:50.7,0.823,26.8,64,7254,1
1.7.2026,57:57.6,0.908,66.1,65,7322,1
1.7.2026,50:55.6,1.007,38.8,61,7308,1
1.7.2026,12:04.6,0.875,100.0,92,7295,2
1.7.2026,21:26.9,0.742,46.5,60,4996,0
1.7.2026,50:39.6,0.768,42.3,56,7281,1
1.7.2026,29:22.2,0.668,11.4,48,5002,0
1.7.2026,18:26.4,0.909,19.4,61,4812,0
1.7.2026,21:55.0,0.824,39.2,58,4996,0
1.7.2026,09:38.7,0.689,14.8,48,4789,0
1.7.2026,50:45.6,0.667,38.6,51,7295,1
1.7.2026,09:54.8,0.904,40.8,58,4777,0
1.7.2026,15:59.1,0.674,100.0,61,7268,2
1.7.2026,17:30.7,0.75,100.0,65,7322,2
1.7.2026,21:18.9,0.704,43.6,66,4996,0
1.7.2026,26:59.8,0.851,37.7,62,5002,0
1.7.2026,11:33.0,0.901,30.5,57,4789,0
1.7.2026,12:20.6,0.833,100.0,88,7308,2
1.7.2026,09:02.6,0.701,17.7,50,4812,0
1.7.2026,06:34.1,0.672,42.0,50,4824,0
1.7.2026,21:19.0,0.759,100.0,65,7295,2
1.7.2026,03:51.7,0.661,10.5,53,4789,0
1.7.2026,56:47.2,0.744,44.6,56,7281,1
1.7.2026,51:19.7,0.661,43.2,54,7295,1
1.7.2026,53:07.9,0.996,32.0,71,4842,0
1.7.2026,49:31.2,0.689,46.3,53,7308,1
1.7.2026,58:57.8,0.831,59.3,60,7268,1
1.7.2026,46:28.3,1.001,38.4,61,7295,1
1.7.2026,40:50.7,0.659,29.2,53,5015,1
1.7.2026,12:54.6,0.831,100.0,85,7336,2
1.7.2026,42:39.2,0.99,55.1,62,5021,1
1.7.2026,13:18.6,0.786,100.0,81,7281,2
1.7.2026,27:15.9,0.865,32.0,57,4996,0
1.7.2026,20:45.1,0.737,100.0,66,7308,2
1.7.2026,17:24.7,0.739,100.0,63,7295,2
1.7.2026,57:05.3,0.841,51.9,57,7281,1
1.7.2026,15:46.9,0.669,100.0,61,7308,2
1.7.2026,57:52.7,0.802,37.6,57,4996,0
1.7.2026,17:22.1,0.741,56.2,58,4812,0
1.7.2026,11:49.1,0.742,33.8,59,4789,0
1.7.2026,22:35.1,0.816,26.9,52,4996,0
1.7.2026,08:40.5,0.724,18.8,51,4789,0
1.7.2026,04:37.9,0.663,19.6,50,4795,0
1.7.2026,28:02.0,0.772,42.1,56,4996,0
1.7.2026,10:00.8,0.741,21.5,55,4789,0
1.7.2026,51:47.7,0.969,72.5,71,4686,0
1.7.2026,59:38.0,1.042,40.7,64,7295,1
1.7.2026,09:48.8,0.721,24.6,48,4783,0
1.7.2026,05:32.0,0.689,11.2,51,4789,0
1.7.2026,57:38.6,0.781,33.9,58,4990,0
1.7.2026,52:39.8,1.0,69.9,76,4789,0
1.7.2026,56:48.5,0.746,17.6,58,5028,0
1.7.2026,18:24.4,0.907,29.8,57,4801,0
1.7.2026,13:50.6,0.788,100.0,74,7349,2
1.7.2026,22:07.0,0.815,17.9,55,4996,0
1.7.2026,01:21.3,0.882,17.9,54,4996,0
1.7.2026,41:35.0,0.827,26.1,57,5034,1
1.7.2026,10:58.9,0.918,26.5,51,4795,0
1.7.2026,52:59.8,0.824,44.8,62,4830,0
1.7.2026,53:23.9,0.821,27.9,65,5028,0
1.7.2026,42:43.3,0.729,27.0,51,5021,1
1.7.2026,13:08.6,0.819,100.0,84,7308,2
1.7.2026,22:29.1,0.737,20.8,53,4996,0
1.7.2026,28:46.1,0.899,21.5,56,4996,0
1.7.2026,52:50.2,0.684,24.1,49,7281,1
1.7.2026,19:50.6,0.66,24.5,52,4818,0
1.7.2026,19:18.5,0.719,19.7,53,4824,0
1.7.2026,12:32.7,0.869,100.0,92,7295,2
1.7.2026,56:26.4,0.815,15.9,62,4996,0
1.7.2026,11:14.6,0.861,100.0,93,7281,2
1.7.2026,27:09.9,0.656,27.8,54,5028,0
1.7.2026,09:12.6,0.99,24.8,61,4812,0
1.7.2026,43:25.5,0.732,36.8,52,7295,1
1.7.2026,47:10.5,0.667,34.0,48,7308,1
1.7.2026,59:35.1,0.655,15.6,61,5028,0
1.7.2026,47:58.7,0.666,29.1,48,7405,1
1.7.2026,27:50.0,0.781,24.4,54,4996,0
1.7.2026,09:36.7,0.768,14.5,48,4777,0
1.7.2026,46:44.3,1.001,27.0,61,7281,1
1.7.2026,10:42.8,0.866,23.5,52,4795,0
1.7.2026,49:59.4,0.704,45.8,53,7295,1
1.7.2026,51:41.6,0.749,18.8,55,4681,0
1.7.2026,19:16.8,0.777,100.0,68,7281,2
1.7.2026,20:11.0,0.752,100.0,67,7281,2
1.7.2026,29:04.2,0.819,20.6,49,5021,0
1.7.2026,03:47.7,0.809,28.4,53,4789,0
1.7.2026,47:02.4,0.668,17.2,48,7391,1
1.7.2026,59:07.9,0.772,100.0,61,7281,1
1.7.2026,17:08.9,0.752,100.0,63,7308,2
1.7.2026,53:16.4,0.764,25.7,48,7308,1
1.7.2026,24:15.4,0.789,66.3,67,5002,0
1.7.2026,07:16.3,0.759,12.3,49,4789,0
1.7.2026,47:40.6,0.677,27.2,49,7281,1
1.7.2026,13:32.6,0.815,100.0,77,7281,2
1.7.2026,14:15.5,0.823,22.9,55,4996,0
1.7.2026,27:32.0,0.884,30.5,63,4971,0
1.7.2026,53:46.5,1.001,66.6,76,7308,1
1.7.2026,55:10.8,0.892,28.6,54,7281,1
1.7.2026,03:33.7,0.826,17.6,53,4777,0
1.7.2026,00:03.2,0.829,24.5,55,5034,0
1.7.2026,49:45.3,0.664,34.6,49,7241,1
1.7.2026,43:43.6,0.684,18.2,47,7322,1
1.7.2026,11:11.0,0.764,13.6,48,4807,0
1.7.2026,19:04.5,0.747,11.5,53,4818,0
1.7.2026,23:37.2,0.719,12.8,49,4996,0
1.7.2026,12:02.6,0.912,100.0,91,7268,2
1.7.2026,05:24.0,0.773,15.9,53,4789,0
1.7.2026,51:51.7,0.744,38.6,55,4675,0
1.7.2026,47:34.6,0.697,44.8,53,7295,1
1.7.2026,06:22.1,0.768,17.2,49,4789,0
1.7.2026,55:59.0,0.772,46.9,55,7254,1
1.7.2026,14:42.6,0.712,100.0,64,7322,2
1.7.2026,53:37.9,0.824,52.5,68,5021,0
1.7.2026,03:17.7,0.917,21.4,55,4789,0
1.7.2026,47:36.7,0.662,28.9,50,7308,1
1.7.2026,52:05.8,0.75,33.1,53,4714,0
1.7.2026,41:14.9,0.667,42.1,54,5021,1
1.7.2026,56:11.1,0.722,45.8,54,7295,1
1.7.2026,30:44.4,0.791,13.0,47,4783,0
1.7.2026,11:38.5,0.871,100.0,91,7322,2
1.7.2026,20:44.8,0.781,43.3,60,4818,0
1.7.2026,05:36.0,0.676,10.2,50,4789,0
1.7.2026,17:12.1,0.901,25.1,61,4789,0
1.7.2026,10:08.8,0.921,31.4,56,4795,0
1.7.2026,56:28.4,0.987,14.6,61,4990,0
1.7.2026,57:48.7,0.653,36.7,58,4983,0
1.7.2026,20:40.8,0.839,28.2,59,4789,0
1.7.2026,46:00.2,0.999,35.7,63,7295,1
1.7.2026,18:05.0,0.778,100.0,67,7295,2
1.7.2026,21:41.0,0.749,100.0,65,7281,2
1.7.2026,01:15.3,0.837,25.5,56,5002,0
1.7.2026,58:00.7,0.737,26.6,57,4983,0
1.7.2026,21:23.0,0.773,100.0,66,7295,2
1.7.2026,40:14.6,0.664,20.6,51,5028,1
1.7.2026,21:09.1,0.741,100.0,65,7295,2
1.7.2026,57:26.6,0.716,14.5,54,5002,0
1.7.2026,15:09.7,0.774,25.1,49,5021,0
1.7.2026,26:43.8,0.851,56.3,61,4990,0
1.7.2026,14:41.6,0.729,12.7,50,4996,0
1.7.2026,52:38.2,0.731,33.2,56,7349,1
1.7.2026,15:44.8,0.709,100.0,61,7308,2
1.7.2026,52:32.1,0.672,53.5,48,7268,1
1.7.2026,51:51.9,1.018,23.0,66,7281,1
1.7.2026,58:18.8,0.754,39.8,56,4983,0
1.7.2026,16:50.7,0.73,100.0,63,7295,2
1.7.2026,21:27.0,0.777,100.0,66,7336,2
1.7.2026,07:12.3,0.668,15.4,47,4783,0
1.7.2026,02:47.6,0.834,20.6,53,4789,0
1.7.2026,13:04.6,0.879,100.0,84,7336,2
1.7.2026,27:28.0,0.696,35.2,54,4990,0
1.7.2026,19:10.5,0.829,33.5,61,4818,0
1.7.2026,15:38.7,0.721,100.0,62,7295,2
1.7.2026,17:42.9,0.745,100.0,65,7363,2
1.7.2026,16:40.8,0.724,100.0,63,7308,2
1.7.2026,55:14.8,0.663,47.6,50,7308,1
1.7.2026,04:47.9,0.884,15.2,54,4789,0
1.7.2026,08:44.5,0.659,36.1,55,4824,0
1.7.2026,56:39.2,0.957,49.0,62,7281,1
1.7.2026,18:02.3,0.903,35.0,53,4812,0
1.7.2026,22:31.1,0.712,20.8,51,4996,0
1.7.2026,16:42.0,0.815,21.7,49,4807,0
1.7.2026,50:15.5,0.984,60.2,66,7295,1
1.7.2026,13:42.6,0.744,100.0,77,7268,2
1.7.2026,06:00.0,0.891,11.4,50,4777,0
1.7.2026,14:17.5,0.762,22.7,53,4996,0
1.7.2026,26:23.7,0.832,41.4,70,4996,0
1.7.2026,20:06.7,0.862,39.5,68,4812,0
1.7.2026,51:35.9,0.666,38.3,54,7308,1
1.7.2026,17:18.2,0.752,29.7,53,4812,0
1.7.2026,52:31.8,0.832,99.8,83,4842,0
1.7.2026,58:15.7,0.996,44.7,64,7295,1
1.7.2026,11:47.1,0.798,28.5,52,4777,0
1.7.2026,00:51.3,0.871,12.0,52,4996,0
1.7.2026,13:56.6,0.74,100.0,73,7281,2
1.7.2026,53:36.4,0.689,47.9,51,7308,1
1.7.2026,28:10.1,0.744,34.5,54,4990,0
1.7.2026,50:35.6,0.996,51.7,67,7308,1
1.7.2026,05:38.0,0.669,8.7,51,4777,0
1.7.2026,09:22.7,0.676,14.1,50,4818,0
1.7.2026,04:11.8,0.822,15.0,54,4789,0
1.7.2026,46:34.3,0.956,32.9,56,7295,1
1.7.2026,08:54.6,0.827,34.9,50,4783,0
1.7.2026,52:01.7,0.739,22.3,55,4709,0
1.7.2026,11:12.5,0.934,100.0,100,7281,2
1.7.2026,22:45.1,0.662,16.2,51,4990,0
1.7.2026,57:47.6,0.888,56.6,59,7308,1
1.7.2026,59:25.9,0.855,66.4,65,7295,1
1.7.2026,44:51.9,0.914,39.3,60,7295,1
1.7.2026,10:30.8,0.707,30.9,52,4789,0
1.7.2026,02:33.5,0.798,17.7,54,4783,0
1.7.2026,17:44.2,0.742,16.6,52,4818,0
1.7.2026,02:49.6,0.888,12.5,54,4789,0
1.7.2026,54:04.0,0.704,34.4,63,5034,0
1.7.2026,41:39.0,0.989,43.1,71,4996,1
1.7.2026,53:38.5,0.666,44.6,50,7322,1
1.7.2026,23:41.3,0.939,16.6,54,4990,0
1.7.2026,18:52.9,0.742,100.0,70,7322,2
1.7.2026,59:45.1,0.827,20.8,55,5034,0
1.7.2026,16:52.0,0.891,16.3,51,4807,0
1.7.2026,29:48.3,0.779,26.8,58,4789,0
1.7.2026,59:06.1,0.745,92.0,61,7295,1
1.7.2026,12:52.6,0.859,100.0,86,7336,2
1.7.2026,54:16.6,0.674,50.0,53,7308,1
1.7.2026,13:35.4,0.662,13.5,52,4818,0
1.7.2026,30:10.3,0.886,41.5,62,4795,0
1.7.2026,45:05.9,1.001,52.2,68,7295,1
1.7.2026,01:05.2,0.828,23.6,65,5002,0
1.7.2026,18:50.9,0.767,100.0,68,7349,2
1.7.2026,25:05.5,0.677,22.1,52,4996,0
1.7.2026,01:35.3,0.664,13.4,49,4996,0
1.7.2026,53:02.3,0.671,30.3,48,7308,1
1.7.2026,06:12.1,0.886,24.1,50,4795,0
1.7.2026,56:52.5,0.718,29.4,58,5021,0
1.7.2026,51:37.9,0.747,37.8,52,7295,1
1.7.2026,49:37.2,0.671,29.1,50,7295,1
1.7.2026,15:17.1,0.711,100.0,62,7295,2
1.7.2026,55:08.2,0.881,32.3,62,5021,0
1.7.2026,11:27.0,0.829,25.6,55,4807,0
1.7.2026,04:13.8,0.874,19.1,60,4789,0
1.7.2026,28:52.1,0.779,26.4,57,5034,0
1.7.2026,40:26.7,0.996,60.8,68,5028,1
1.7.2026,52:19.7,0.73,74.0,64,4714,0
1.7.2026,06:30.1,0.865,11.7,49,4812,0
1.7.2026,21:36.9,0.805,48.2,70,4996,0
1.7.2026,41:16.9,0.661,39.5,52,5028,1
1.7.2026,02:07.4,1.001,30.7,62,4996,0
1.7.2026,57:30.6,0.658,17.3,54,4990,0
1.7.2026,18:14.9,0.781,100.0,67,7308,2
1.7.2026,01:49.3,0.709,11.6,49,4996,0
1.7.2026,59:55.1,0.831,34.4,60,5028,0
1.7.2026,54:10.5,0.67,52.7,55,7295,1
1.7.2026,10:24.8,0.862,19.5,52,4789,0
1.7.2026,12:58.6,0.877,100.0,84,7363,2
1.7.2026,17:53.0,0.767,100.0,67,7349,2
1.7.2026,21:20.9,0.718,56.1,62,4996,0
1.7.2026,53:30.4,0.671,36.1,48,7308,1
1.7.2026,22:47.1,0.865,18.9,51,4990,0
1.7.2026,16:26.8,0.702,100.0,61,7295,2
1.7.2026,18:17.0,0.774,100.0,66,7295,2
1.7.2026,20:46.8,0.787,44.1,66,4848,0
1.7.2026,19:15.0,0.772,100.0,68,7295,2
1.7.2026,46:14.3,0.67,33.7,49,7281,1
1.7.2026,10:10.8,0.967,25.4,62,4783,0
1.7.2026,58:03.6,0.736,43.3,56,7308,1
1.7.2026,59:52.1,0.664,41.8,55,7308,1
1.7.2026,24:17.4,0.868,65.8,68,5002,0
1.7.2026,14:47.6,0.771,29.4,52,4996,0
1.7.2026,21:51.0,0.828,29.6,56,4996,0
1.7.2026,27:23.9,0.706,21.9,53,5002,0
1.7.2026,19:28.9,0.78,100.0,70,7295,2
1.7.2026,27:21.9,0.701,31.5,56,4990,0
1.7.2026,59:48.0,1.001,54.7,68,7295,1
1.7.2026,55:53.0,0.659,46.0,54,7281,1
1.7.2026,40:42.7,0.691,35.5,57,5021,1
1.7.2026,20:50.9,0.715,100.0,66,7308,2
1.7.2026,03:15.7,0.984,30.7,56,4789,0
1.7.2026,13:27.3,1.016,15.1,60,4818,0
1.7.2026,49:07.0,0.704,49.0,53,7308,1
1.7.2026,17:10.1,0.805,36.1,61,4818,0
1.7.2026,25:27.5,0.917,14.4,56,4996,0
1.7.2026,10:32.8,0.867,30.3,50,4783,0
1.7.2026,19:46.6,0.949,15.2,61,4777,0
1.7.2026,16:36.7,0.739,100.0,62,7295,2
1.7.2026,12:16.7,0.88,100.0,92,7308,2
1.7.2026,51:58.0,0.98,44.3,65,7295,1
1.7.2026,20:19.1,0.762,100.0,68,7281,2
1.7.2026,17:24.1,0.726,38.7,59,4807,0
1.7.2026,54:28.7,0.963,50.8,71,7281,1
1.7.2026,50:41.6,0.675,40.9,52,7322,1
1.7.2026,01:41.3,0.664,11.8,50,4990,0
1.7.2026,12:49.2,0.786,40.1,58,4789,0
1.7.2026,22:23.1,0.788,22.4,52,4990,0
1.7.2026,21:21.0,0.749,100.0,66,7254,2
1.7.2026,45:15.9,0.889,39.8,63,7268,1
1.7.2026,49:23.1,0.661,36.6,51,7281,1
1.7.2026,02:31.5,0.797,36.3,55,4795,0
1.7.2026,04:21.8,0.874,23.4,54,4789,0
1.7.2026,10:34.8,0.897,25.2,51,4783,0
1.7.2026,14:14.6,0.731,100.0,71,7336,2
1.7.2026,00:47.2,0.877,13.7,55,4983,0
1.7.2026,18:46.4,0.912,20.1,59,4812,0
1.7.2026,27:05.9,0.737,19.0,57,4990,0
1.7.2026,12:36.6,0.829,100.0,91,7349,2
1.7.2026,55:44.3,1.001,50.2,72,5028,0
1.7.2026,25:37.6,0.732,20.0,54,4996,0
1.7.2026,51:05.6,0.824,20.4,51,4783,0
1.7.2026,10:18.8,0.853,14.5,52,4795,0
1.7.2026,43:27.6,0.667,34.7,49,7308,1
1.7.2026,02:23.5,0.876,27.0,52,4772,0
1.7.2026,15:50.9,0.707,100.0,62,7268,2
1.7.2026,59:53.1,0.749,14.3,58,5041,0
1.7.2026,03:37.7,0.674,17.7,53,4777,0
1.7.2026,13:22.6,0.803,100.0,80,7308,2
1.7.2026,05:44.0,0.936,11.1,55,4766,0
1.7.2026,00:05.1,0.962,15.8,56,5034,0
1.7.2026,59:11.0,0.727,19.5,58,5034,0
1.7.2026,51:13.7,0.984,54.9,73,7295,1
1.7.2026,46:18.3,0.661,44.5,50,7295,1
1.7.2026,17:32.1,0.921,15.6,54,4818,0
1.7.2026,13:43.4,1.017,38.5,68,4783,0
1.7.2026,11:21.0,0.772,48.6,51,4807,0
1.7.2026,04:55.9,0.88,15.3,52,4777,0
1.7.2026,00:09.2,0.823,21.5,62,5021,0
1.7.2026,23:47.3,0.832,42.3,61,5002,0
1.7.2026,59:23.0,0.959,13.7,56,5034,0
1.7.2026,04:51.9,0.832,32.1,52,4795,0
1.7.2026,41:04.8,0.679,38.5,52,5015,1
1.7.2026,49:21.1,0.659,53.3,54,7281,1
1.7.2026,01:25.3,0.789,12.1,51,4996,0
1.7.2026,22:01.0,0.763,47.0,62,4996,0
1.7.2026,15:51.8,0.959,19.3,54,4818,0
1.7.2026,05:15.9,0.752,21.8,52,4783,0
1.7.2026,19:39.0,0.776,100.0,68,7308,2
1.7.2026,24:25.4,0.902,24.0,56,4990,0
1.7.2026,44:13.7,0.919,37.5,59,7281,1
1.7.2026,51:09.7,0.991,37.6,59,7308,1
1.7.2026,22:09.0,0.772,25.5,56,4996,0
1.7.2026,00:06.1,0.664,57.2,56,7308,1
1.7.2026,18:12.3,0.922,71.6,66,4818,0
1.7.2026,08:38.5,0.661,37.3,51,4789,0
1.7.2026,15:59.8,0.749,15.8,49,4795,0
1.7.2026,19:52.6,0.799,33.8,54,4818,0
1.7.2026,57:06.5,0.747,17.0,60,4996,0
1.7.2026,56:42.5,0.652,20.5,61,5021,0
1.7.2026,20:26.8,0.872,37.8,58,4824,0
1.7.2026,17:08.1,0.661,23.2,52,4812,0
1.7.2026,57:16.6,0.782,17.2,61,4996,0
1.7.2026,11:45.1,0.881,25.9,54,4777,0
1.7.2026,13:02.6,0.864,100.0,83,7295,2
1.7.2026,56:18.4,0.813,34.2,68,5028,0
1.7.2026,19:26.6,0.874,33.1,65,4812,0
1.7.2026,00:07.2,0.757,18.9,54,5034,0
1.7.2026,11:35.0,0.965,39.6,61,4789,0
1.7.2026,58:43.8,0.856,75.2,66,7268,1
1.7.2026,20:59.1,0.747,100.0,65,7322,2
1.7.2026,55:34.9,0.834,80.2,62,7281,1
1.7.2026,03:27.7,0.687,16.5,52,4766,0
1.7.2026,58:26.8,0.964,42.2,64,5002,0
1.7.2026,10:52.9,0.663,14.2,50,4795,0
1.7.2026,47:46.6,0.699,31.0,49,7281,1
1.7.2026,15:55.8,0.994,24.4,54,4807,0
1.7.2026,11:40.5,0.846,100.0,92,7336,2
1.7.2026,55:34.3,1.001,27.5,63,5028,0
1.7.2026,08:22.5,0.924,40.6,62,4818,0
1.7.2026,18:22.4,0.657,35.9,56,4807,0
1.7.2026,02:13.4,0.667,18.9,52,4996,0
1.7.2026,22:11.0,0.741,28.5,55,5002,0
1.7.2026,14:04.6,0.766,100.0,72,7281,2
1.7.2026,39:32.5,0.716,29.4,56,5002,1
1.7.2026,27:19.9,0.789,28.4,59,4996,0
1.7.2026,51:31.6,0.749,13.0,57,4681,0
1.7.2026,21:22.9,0.749,48.6,58,4996,0
1.7.2026,17:06.8,0.735,100.0,62,7295,2
1.7.2026,58:21.7,0.819,47.3,61,7308,1
1.7.2026,14:18.6,0.76,100.0,71,7295,2
1.7.2026,10:06.8,0.954,28.3,57,4783,0
1.7.2026,12:55.3,0.874,34.5,59,4812,0
1.7.2026,18:06.3,0.748,23.8,55,4818,0
1.7.2026,28:30.1,0.791,42.2,64,4990,0
1.7.2026,06:36.2,0.749,40.6,53,4812,0
1.7.2026,25:23.5,0.813,25.4,54,5002,0
1.7.2026,57:40.6,0.917,45.1,64,4990,0
1.7.2026,24:47.5,0.874,30.0,58,4990,0
1.7.2026,45:11.9,1.001,48.0,67,7295,1
1.7.2026,45:56.2,0.761,40.5,51,7281,1
1.7.2026,42:27.2,0.663,24.1,49,4964,1
1.7.2026,46:46.4,0.737,38.1,48,7281,1
1.7.2026,00:28.3,1.016,51.7,58,7308,1
1.7.2026,21:03.0,0.749,100.0,65,7308,2
1.7.2026,10:48.9,0.844,15.7,51,4783,0
1.7.2026,23:35.3,0.741,13.0,51,4990,0
1.7.2026,52:56.3,0.678,42.6,48,7281,1
1.7.2026,53:34.4,0.854,34.1,57,7295,1
1.7.2026,00:18.3,0.844,55.6,61,7308,1
1.7.2026,21:37.0,0.762,100.0,64,7281,2
1.7.2026,48:16.8,0.67,27.0,49,7268,1
1.7.2026,52:27.7,0.736,71.7,70,4783,0
1.7.2026,38:56.3,0.98,27.2,67,4795,1
1.7.2026,00:11.2,0.996,39.1,57,5021,0
1.7.2026,41:10.8,0.93,51.0,64,5028,1
1.7.2026,54:24.0,0.654,14.6,57,4996,0
1.7.2026,56:05.1,0.67,39.6,55,7281,1
1.7.2026,51:43.9,0.685,24.9,54,7281,1
1.7.2026,14:54.6,0.716,100.0,65,7308,2
1.7.2026,54:36.1,0.757,14.5,58,4996,0
1.7.2026,39:54.5,0.932,30.4,66,5028,1
1.7.2026,07:40.4,0.995,46.4,69,4812,0
1.7.2026,21:25.0,0.747,100.0,65,7295,2
1.7.2026,48:26.8,0.849,42.4,66,7281,1
1.7.2026,58:25.7,1.001,47.9,73,7308,1
1.7.2026,26:19.7,0.831,25.3,66,4996,0
1.7.2026,28:24.1,0.697,12.6,51,4996,0
1.7.2026,59:15.9,0.854,54.0,65,7295,1
1.7.2026,16:22.7,0.709,100.0,63,7295,2
1.7.2026,14:06.6,0.744,100.0,73,7281,2
1.7.2026,16:56.8,0.732,100.0,62,7308,2
1.7.2026,58:51.8,0.984,48.6,63,7295,1
1.7.2026,14:51.6,0.789,14.8,50,4990,0
1.7.2026,53:25.9,0.878,28.9,63,5028,0
1.7.2026,50:27.5,0.661,46.6,51,7308,1
1.7.2026,52:12.0,0.666,16.5,48,7281,1
1.7.2026,43:47.6,0.881,22.5,47,7295,1
1.7.2026,46:16.3,1.001,27.0,64,7281,1
1.7.2026,07:08.3,0.689,11.5,48,4783,0
1.7.2026,20:47.0,0.734,100.0,66,7295,2
1.7.2026,07:58.4,0.984,25.5,67,4807,0
1.7.2026,21:16.9,0.829,43.5,61,5002,0
1.7.2026,45:42.1,0.809,50.1,51,7322,1
1.7.2026,54:30.7,0.879,35.4,58,7295,1
1.7.2026,21:35.0,0.729,100.0,66,7322,2
1.7.2026,24:09.3,0.864,47.6,65,4990,0
1.7.2026,52:20.1,0.821,25.2,52,7254,1
1.7.2026,26:09.6,0.758,22.5,67,4990,0
1.7.2026,53:56.5,0.663,24.1,51,7295,1
1.7.2026,27:30.0,0.789,20.3,52,4996,0
1.7.2026,01:27.3,0.661,13.9,52,4996,0
1.7.2026,26:51.8,0.775,58.0,57,5002,0
1.7.2026,04:35.9,0.799,8.8,51,4801,0
1.7.2026,38:40.2,0.684,31.0,53,4812,1
1.7.2026,28:18.1,0.801,14.3,52,4996,0
1.7.2026,53:12.4,0.667,29.4,48,7281,1
1.7.2026,25:41.6,0.867,21.2,54,5002,0
1.7.2026,42:51.3,0.661,28.6,51,5021,1
1.7.2026,01:23.3,0.706,23.0,52,4996,0
1.7.2026,58:34.8,0.65,36.3,62,4996,0
1.7.2026,15:53.8,0.829,34.7,53,4812,0
1.7.2026,14:52.6,0.713,100.0,64,7322,2
1.7.2026,21:15.0,0.761,100.0,65,7295,2
1.7.2026,46:22.3,0.662,23.7,50,7308,1
1.7.2026,57:59.6,0.709,59.9,56,7295,1
1.7.2026,54:42.7,0.664,29.6,51,7281,1
1.7.2026,59:27.9,0.831,84.2,62,7295,1
1.7.2026,25:57.6,0.658,26.4,54,4996,0
1.7.2026,55:58.4,0.961,18.8,61,5034,0
1.7.2026,30:00.3,0.682,21.3,48,4789,0
1.7.2026,00:12.2,0.989,63.1,73,7295,1
1.7.2026,00:30.3,1.001,37.2,62,7295,1
1.7.2026,00:45.2,0.862,18.6,56,5002,0
1.7.2026,14:11.4,1.001,13.9,56,4996,0
1.7.2026,14:35.5,0.857,24.5,58,4996,0
1.7.2026,16:16.9,0.714,100.0,61,7322,2
1.7.2026,56:57.3,0.667,44.2,54,7281,1
1.7.2026,10:16.8,0.894,18.8,52,4783,0
1.7.2026,09:40.7,0.72,12.7,49,4812,0
1.7.2026,41:29.0,0.66,28.1,53,4996,1
1.7.2026,14:29.5,0.911,20.3,54,4996,0
1.7.2026,14:30.6,0.766,100.0,68,7268,2
1.7.2026,43:21.5,0.766,34.6,51,7268,1
1.7.2026,44:03.6,1.001,18.1,59,7281,1
1.7.2026,50:51.6,0.991,60.7,66,7295,1
1.7.2026,16:03.9,0.66,17.0,54,4795,0
1.7.2026,43:33.6,0.712,21.7,48,7281,1
1.7.2026,57:43.6,0.972,55.5,71,7349,1
1.7.2026,56:36.4,0.908,15.4,63,5028,0
1.7.2026,15:27.7,0.843,34.1,59,4812,0
1.7.2026,30:26.4,0.79,23.8,54,4789,0
1.7.2026,00:35.2,0.696,11.6,53,5028,0
1.7.2026,16:42.8,0.704,100.0,62,7295,2
1.7.2026,24:05.3,0.82,26.2,59,5002,0
1.7.2026,12:03.1,0.921,24.6,52,4818,0
1.7.2026,11:02.9,0.753,24.5,52,4824,0
1.7.2026,28:58.2,0.827,17.7,53,5021,0
1.7.2026,03:39.7,0.661,13.3,52,4801,0
1.7.2026,12:28.7,0.871,100.0,92,7322,2
1.7.2026,44:21.7,0.971,25.1,62,7281,1
1.7.2026,00:08.1,0.657,42.1,55,7308,1
1.7.2026,15:28.7,0.712,100.0,63,7322,2
1.7.2026,49:19.1,0.861,41.4,54,7281,1
1.7.2026,26:13.7,0.745,39.5,57,4996,0
1.7.2026,52:23.7,0.819,82.2,83,4731,0
1.7.2026,16:03.1,0.723,100.0,61,7254,2
1.7.2026,45:07.9,0.918,70.5,70,7295,1
1.7.2026,39:56.6,0.661,43.3,51,5028,1
1.7.2026,20:49.0,0.739,100.0,66,7308,2
1.7.2026,18:01.9,0.767,100.0,67,7281,2
1.7.2026,11:25.0,0.843,25.8,51,4842,0
1.7.2026,55:16.8,1.007,43.0,73,7241,1
1.7.2026,50:19.5,0.719,45.5,56,7295,1
1.7.2026,53:54.5,0.996,28.1,56,7322,1
1.7.2026,24:29.4,0.654,59.6,57,4990,0
1.7.2026,30:28.4,0.687,16.3,49,4783,0
1.7.2026,07:32.4,1.001,43.2,65,4818,0
1.7.2026,49:47.3,0.751,48.9,52,7254,1
1.7.2026,00:17.2,0.999,24.5,62,5034,0
1.7.2026,16:21.9,0.754,13.5,48,4807,0
1.7.2026,19:06.8,0.781,100.0,70,7336,2
1.7.2026,03:01.6,0.786,13.2,51,4783,0
1.7.2026,41:43.0,0.854,23.1,52,4996,1
1.7.2026,58:54.9,0.878,12.6,59,5021,0
1.7.2026,09:28.7,0.828,14.6,49,4801,0
1.7.2026,08:26.5,0.944,41.1,62,4818,0
1.7.2026,47:18.5,0.666,28.6,47,7295,1
1.7.2026,57:58.7,0.7,34.5,57,4996,0
1.7.2026,52:28.1,0.699,16.4,48,7241,1
1.7.2026,15:07.7,0.946,13.1,62,5015,0
1.7.2026,59:21.9,1.0,57.2,72,7295,1
1.7.2026,59:11.9,0.803,73.8,62,7295,1
1.7.2026,52:44.2,1.001,36.7,59,7336,1
1.7.2026,52:57.8,0.877,36.8,62,4824,0
1.7.2026,12:09.1,0.821,16.7,51,4812,0
1.7.2026,00:02.1,0.916,32.3,56,7308,1
1.7.2026,39:36.5,0.808,19.7,51,4990,1
1.7.2026,10:50.9,0.662,16.7,51,4777,0
1.7.2026,59:46.0,0.66,32.9,53,7295,1
1.7.2026,03:11.7,0.879,28.7,56,4789,0
1.7.2026,57:39.5,0.664,58.1,55,7349,1
1.7.2026,07:56.4,0.785,19.2,52,4818,0
1.7.2026,58:09.6,0.659,39.2,54,7322,1
1.7.2026,51:23.8,0.694,27.2,54,7295,1
1.7.2026,20:40.9,0.762,100.0,67,7295,2
1.7.2026,11:08.5,0.946,100.0,98,7363,2
1.7.2026,15:33.7,0.902,19.5,56,4818,0
1.7.2026,45:36.1,0.664,19.3,50,7281,1
1.7.2026,18:56.9,0.761,100.0,70,7336,2
1.7.2026,57:27.5,0.772,94.2,61,7336,1
1.7.2026,19:22.8,0.767,100.0,71,7295,2
1.7.2026,26:31.7,0.85,32.0,62,4996,0
1.7.2026,54:58.1,0.83,12.9,57,5021,0
1.7.2026,46:58.4,0.667,17.5,48,7377,1
1.7.2026,14:39.6,0.714,14.5,51,4996,0
1.7.2026,25:19.5,0.671,34.7,58,5002,0
1.7.2026,15:57.8,0.854,12.6,54,4783,0
1.7.2026,08:30.5,0.705,20.2,55,4783,0
1.7.2026,44:29.7,0.671,20.5,46,7214,1
1.7.2026,28:32.1,0.747,37.2,51,4971,0
1.7.2026,08:12.5,0.678,15.2,51,4789,0
1.7.2026,53:43.9,0.827,35.9,65,5028,0
1.7.2026,59:31.9,1.0,52.8,71,7295,1
1.7.2026,46:48.4,0.889,38.8,68,7295,1
1.7.2026,59:17.9,0.773,86.2,61,7281,1
1.7.2026,03:45.7,0.833,27.8,52,4795,0
1.7.2026,38:44.2,0.894,35.5,62,4812,1
1.7.2026,14:28.6,0.726,100.0,68,7308,2
1.7.2026,53:49.9,0.822,34.2,68,5028,0
1.7.2026,14:00.6,0.753,100.0,74,7281,2
1.7.2026,13:31.4,1.034,15.8,56,4818,0
1.7.2026,16:56.0,0.753,23.5,50,4818,0
1.7.2026,02:03.4,0.795,23.6,52,4990,0
1.7.2026,51:13.6,0.892,7.4,51,4681,0
1.7.2026,38:36.2,0.978,41.1,59,4812,1
1.7.2026,50:47.6,0.804,31.2,52,7295,1
1.7.2026,24:23.4,0.772,29.9,55,4996,0
1.7.2026,13:20.6,0.827,100.0,80,7281,2
1.7.2026,56:30.4,0.756,30.3,61,5034,0
1.7.2026,48:56.9,0.672,52.7,53,7308,1
1.7.2026,06:08.1,0.714,15.0,49,4789,0
1.7.2026,07:26.4,0.923,50.8,61,4789,0
1.7.2026,25:55.6,0.987,32.0,64,4996,0
1.7.2026,56:09.1,0.962,35.7,56,7268,1
1.7.2026,00:37.2,0.676,12.3,52,4990,0
1.7.2026,28:40.1,0.741,20.1,50,4971,0
1.7.2026,53:55.9,1.007,50.8,73,5028,0
1.7.2026,51:39.9,0.671,38.0,51,7268,1
1.7.2026,17:52.2,0.89,44.0,58,4824,0
1.7.2026,25:15.5,0.931,43.7,70,4996,0
1.7.2026,17:46.9,0.772,100.0,66,7363,2
1.7.2026,26:03.6,0.87,21.9,66,4983,0
1.7.2026,14:58.6,0.715,100.0,64,7295,2
1.7.2026,19:04.9,0.771,100.0,70,7349,2
1.7.2026,27:54.0,0.732,35.5,56,4996,0
1.7.2026,30:40.4,0.668,12.6,47,4783,0
1.7.2026,40:48.7,0.734,50.7,54,5028,1
1.7.2026,41:57.1,0.67,22.4,51,4996,1
1.7.2026,13:00.6,0.789,100.0,83,7281,2
1.7.2026,01:59.4,0.661,26.3,52,4996,0
1.7.2026,43:17.5,0.672,31.8,51,7188,1
1.7.2026,05:50.0,0.716,14.7,49,4783,0
1.7.2026,18:56.4,0.67,15.0,52,4818,0
1.7.2026,38:32.2,1.001,41.1,64,4807,1
1.7.2026,19:20.9,0.79,100.0,71,7281,2
1.7.2026,18:52.4,0.922,21.4,64,4812,0
1.7.2026,40:30.6,0.666,42.1,54,5021,1
1.7.2026,02:41.6,0.781,24.3,54,4777,0
1.7.2026,45:24.0,0.701,27.8,51,7295,1
1.7.2026,56:56.5,0.89,17.6,55,5015,0
1.7.2026,22:33.1,0.777,19.5,52,4990,0
1.7.2026,24:03.3,0.956,30.0,61,4996,0
1.7.2026,49:17.1,0.689,47.8,55,7308,1
1.7.2026,53:53.9,0.964,30.9,68,5028,0
1.7.2026,15:12.6,0.703,100.0,64,7295,2
1.7.2026,20:07.0,0.719,100.0,66,7268,2
1.7.2026,12:22.6,0.887,100.0,87,7322,2
1.7.2026,06:20.1,0.674,10.1,49,4842,0
1.7.2026,17:02.1,0.836,22.0,60,4812,0
1.7.2026,28:22.1,0.662,15.8,51,4983,0
1.7.2026,12:31.2,0.662,12.4,53,4812,0
1.7.2026,18:40.8,0.761,100.0,70,7308,2
1.7.2026,52:49.8,0.831,33.4,69,4789,0
1.7.2026,45:46.1,0.665,33.1,50,7295,1
1.7.2026,56:59.3,0.761,52.0,55,7295,1
1.7.2026,55:20.8,1.001,50.6,75,7281,1
1.7.2026,12:33.2,0.664,13.3,50,4818,0
1.7.2026,40:40.7,0.755,51.6,62,5028,1
1.7.2026,50:17.5,0.847,45.2,56,7322,1
1.7.2026,13:41.4,0.851,22.6,55,4818,0
1.7.2026,58:24.8,0.704,29.8,63,4996,0
1.7.2026,54:48.1,0.909,18.3,61,4990,0
1.7.2026,29:52.3,0.828,28.6,51,4789,0
1.7.2026,46:02.2,0.678,41.2,50,7281,1
1.7.2026,47:24.6,0.999,22.4,49,7295,1
1.7.2026,56:50.5,0.934,20.8,57,5028,0
1.7.2026,25:43.6,0.661,23.0,52,4996,0
1.7.2026,10:44.8,0.944,18.0,50,4789,0
1.7.2026,15:08.6,0.736,100.0,64,7281,2
1.7.2026,20:56.9,0.732,100.0,65,7322,2
1.7.2026,51:37.7,0.975,19.6,58,4681,0
1.7.2026,05:11.9,0.774,13.6,53,4777,0
1.7.2026,50:37.6,0.974,41.7,62,7295,1
1.7.2026,00:33.2,0.777,15.4,57,4964,0
1.7.2026,00:00.1,0.746,56.9,56,7295,1
1.7.2026,05:21.9,0.899,14.8,54,4783,0
1.7.2026,57:17.4,0.954,58.2,74,7295,1
1.7.2026,24:37.4,0.79,33.0,60,4996,0
1.7.2026,13:25.3,0.846,15.2,58,4818,0
1.7.2026,52:03.7,0.909,23.4,55,4703,0
1.7.2026,29:06.2,0.662,17.1,57,5034,0
1.7.2026,15:11.7,0.882,23.9,49,5028,0
1.7.2026,16:19.4,0.707,100.0,61,7308,2
1.7.2026,50:23.5,0.665,45.7,51,7281,1
1.7.2026,42:45.3,0.991,25.1,55,5028,1
1.7.2026,58:10.8,0.999,20.1,59,4990,0
1.7.2026,18:12.9,0.742,100.0,68,7308,2
1.7.2026,17:18.7,0.732,100.0,63,7308,2
1.7.2026,53:50.5,0.942,50.1,58,7308,1
1.7.2026,01:57.4,0.662,18.1,51,5002,0
1.7.2026,09:46.8,0.701,15.3,48,4789,0
1.7.2026,41:47.1,0.969,25.4,63,4933,1
1.7.2026,14:27.5,0.829,18.6,56,4996,0
1.7.2026,26:15.7,0.704,36.4,57,4990,0
1.7.2026,56:01.0,0.73,40.4,55,7281,1
1.7.2026,02:27.5,0.869,28.5,56,4783,0
1.7.2026,12:05.1,0.897,19.5,51,4807,0
1.7.2026,55:56.4,0.908,23.8,63,5034,0
1.7.2026,57:45.5,0.829,68.4,62,7336,1
1.7.2026,03:05.6,0.754,12.6,54,4789,0
1.7.2026,53:47.9,0.917,32.9,66,5034,0
1.7.2026,52:42.2,0.676,40.4,49,7214,1
1.7.2026,54:34.7,0.659,47.1,53,7268,1
1.7.2026,52:37.8,0.8,92.4,75,4789,0
1.7.2026,06:42.2,0.791,20.5,61,4854,0
1.7.2026,20:30.8,0.919,36.8,64,4783,0
1.7.2026,56:12.4,0.91,44.8,67,5054,0
1.7.2026,40:06.6,0.702,20.9,52,5028,1
1.7.2026,38:48.2,0.669,27.0,52,4812,1
1.7.2026,57:07.3,0.667,41.6,54,7295,1
1.7.2026,44:55.9,0.744,64.4,53,7295,1
1.7.2026,53:00.3,1.016,34.9,53,7268,1
1.7.2026,18:30.9,0.781,100.0,68,7295,2
1.7.2026,18:33.0,0.757,100.0,69,7295,2
1.7.2026,19:38.6,0.799,13.1,51,4824,0
1.7.2026,07:46.4,0.894,16.1,55,4795,0
1.7.2026,17:22.8,0.732,100.0,63,7308,2
1.7.2026,57:00.5,0.806,14.5,57,5021,0
1.7.2026,23:21.2,0.662,31.4,51,4996,0
1.7.2026,39:42.5,0.7,28.4,52,4971,1
1.7.2026,17:02.7,0.679,100.0,61,7295,2
1.7.2026,57:04.5,0.938,16.0,55,4996,0
1.7.2026,56:58.5,0.913,12.4,57,4990,0
1.7.2026,43:23.5,0.661,39.6,50,7295,1
1.7.2026,48:36.8,0.656,61.2,54,7281,1
1.7.2026,11:36.5,0.858,100.0,92,7308,2
1.7.2026,22:25.1,0.837,16.4,51,4996,0
1.7.2026,11:44.6,0.934,100.0,91,7349,2
1.7.2026,08:42.5,0.748,35.6,52,4795,0
1.7.2026,02:37.5,0.969,45.1,65,4795,0
1.7.2026,52:30.1,0.927,25.7,51,7281,1
1.7.2026,21:05.0,0.725,100.0,65,7322,2
1.7.2026,03:55.7,0.801,12.9,55,4789,0
1.7.2026,19:36.9,0.781,100.0,69,7281,2
1.7.2026,49:11.1,0.656,46.2,54,7281,1
1.7.2026,59:09.0,0.872,17.6,58,5028,0
1.7.2026,28:16.1,0.832,23.3,56,4996,0
1.7.2026,22:21.1,0.816,19.2,52,4996,0
1.7.2026,55:55.0,0.664,44.3,52,7281,1
1.7.2026,01:29.3,0.824,13.0,51,4990,0
1.7.2026,20:04.9,0.766,100.0,68,7281,2
1.7.2026,23:25.2,0.806,21.8,51,5002,0
1.7.2026,13:07.3,1.013,58.3,72,4777,0
1.7.2026,56:27.2,0.907,95.6,68,7281,1
1.7.2026,03:25.7,0.841,12.8,54,4789,0
1.7.2026,09:58.8,0.863,16.9,52,4789,0
1.7.2026,48:00.7,0.669,34.5,48,7241,1
1.7.2026,18:36.4,0.856,11.9,55,4818,0
1.7.2026,23:53.3,0.769,35.7,56,4990,0
1.7.2026,41:00.8,0.69,36.5,52,5034,1
1.7.2026,18:14.3,0.871,77.9,72,4818,0
1.7.2026,17:04.1,0.916,34.4,62,4818,0
1.7.2026,44:05.6,0.67,19.0,46,7268,1
1.7.2026,24:55.5,0.875,12.8,52,4996,0
1.7.2026,48:42.9,1.001,37.1,56,7281,1
1.7.2026,51:41.9,0.75,20.5,51,7295,1
1.7.2026,55:14.2,0.861,57.3,68,5034,0
1.7.2026,20:42.8,0.798,43.6,57,4818,0
1.7.2026,24:43.4,0.686,36.8,58,4990,0
1.7.2026,02:55.6,0.881,12.3,53,4783,0
1.7.2026,56:53.3,0.912,30.3,58,7281,1
1.7.2026,13:51.4,0.874,42.1,64,4824,0
1.7.2026,58:13.7,0.676,40.3,52,7322,1
1.7.2026,28:12.1,0.774,39.6,57,4996,0
1.7.2026,23:57.3,0.889,42.1,59,4996,0
1.7.2026,54:36.7,0.662,34.9,52,7268,1
1.7.2026,55:42.3,1.001,47.4,71,5028,0
1.7.2026,54:26.7,0.833,53.5,55,7308,1
1.7.2026,50:29.5,0.916,44.2,57,7322,1
1.7.2026,39:50.5,0.666,32.3,50,5034,1
1.7.2026,59:40.0,0.67,43.5,55,7281,1
1.7.2026,41:08.9,0.669,43.4,52,5021,1
1.7.2026,27:17.9,0.714,26.7,55,4996,0
1.7.2026,54:08.6,0.695,46.8,52,7295,1
1.7.2026,14:49.6,0.854,16.6,52,4996,0
1.7.2026,27:38.0,0.856,41.0,54,4977,0
1.7.2026,14:08.6,0.758,100.0,72,7281,2
1.7.2026,51:21.6,0.98,52.9,62,4681,0
1.7.2026,42:11.1,0.773,40.4,51,4996,1
1.7.2026,40:58.8,1.041,35.6,68,5034,1
1.7.2026,16:15.9,0.676,14.4,49,4818,0
1.7.2026,11:59.1,0.765,14.1,51,4812,0
1.7.2026,41:51.1,0.687,21.4,52,4996,1
1.7.2026,55:20.2,1.0,28.4,75,5034,0
1.7.2026,19:14.5,0.812,15.7,53,4807,0
1.7.2026,01:51.3,0.662,29.8,52,5009,0
1.7.2026,40:54.8,0.922,27.2,58,5021,1
1.7.2026,51:29.6,0.921,12.1,52,4681,0
1.7.2026,50:25.5,0.661,42.2,51,7308,1
1.7.2026,58:12.8,1.001,22.7,58,5002,0
1.7.2026,00:10.2,1.0,47.5,67,7308,1
1.7.2026,47:26.5,0.671,34.8,48,7295,1
1.7.2026,39:48.5,1.009,27.3,52,4964,1
1.7.2026,19:56.7,0.871,28.6,60,4812,0
1.7.2026,08:18.5,0.753,15.0,51,4824,0
1.7.2026,11:00.9,0.8,20.1,51,4760,0
1.7.2026,57:32.6,0.788,14.5,54,4996,0
1.7.2026,00:39.2,0.831,30.1,57,4990,0
1.7.2026,22:49.1,0.833,48.3,55,4996,0
1.7.2026,48:59.0,0.846,53.2,58,7295,1
1.7.2026,52:04.0,0.664,14.2,49,7308,1
1.7.2026,09:24.7,0.664,14.2,49,4812,0
1.7.2026,56:14.4,0.871,44.0,68,4996,0
1.7.2026,05:03.9,0.663,12.0,50,4789,0
1.7.2026,21:53.0,0.872,38.6,60,4996,0
1.7.2026,07:00.3,0.666,10.0,48,4783,0
1.7.2026,39:44.5,0.672,45.1,50,4964,1
1.7.2026,09:32.7,0.754,14.6,49,4818,0
1.7.2026,04:05.8,0.68,9.7,50,4789,0
1.7.2026,10:22.8,0.728,25.6,52,4789,0
1.7.2026,15:10.6,0.704,100.0,64,7295,2
1.7.2026,39:34.5,0.663,23.0,51,4990,1
1.7.2026,12:44.6,0.872,100.0,87,7336,2
1.7.2026,18:28.4,0.849,21.7,58,4807,0
1.7.2026,18:44.8,0.761,100.0,70,7308,2
1.7.2026,24:41.4,0.932,55.9,68,4996,0
1.7.2026,39:24.5,0.66,27.7,52,4990,1
1.7.2026,13:15.3,0.847,48.0,62,4807,0
1.7.2026,57:01.3,0.669,37.9,52,7281,1
1.7.2026,55:46.3,0.916,30.1,66,5028,0
1.7.2026,18:18.9,0.766,100.0,68,7308,2
1.7.2026,44:25.7,0.756,20.4,57,7447,1
1.7.2026,05:07.9,0.796,31.2,52,4783,0
1.7.2026,17:46.2,0.661,19.0,52,4818,0
1.7.2026,11:37.0,0.757,43.3,52,4789,0
1.7.2026,00:53.2,0.692,13.1,51,4990,0
1.7.2026,04:27.8,0.837,12.5,50,4789,0
1.7.2026,53:58.0,0.824,59.8,68,5028,0
1.7.2026,50:07.4,1.001,55.3,64,7295,1
1.7.2026,20:38.9,0.768,100.0,67,7268,2
1.7.2026,55:24.2,0.914,48.2,78,5021,0
1.7.2026,30:16.3,0.768,49.5,64,4789,0
1.7.2026,40:10.6,0.698,27.4,51,5028,1
1.7.2026,50:43.6,0.724,41.9,51,7308,1
1.7.2026,56:49.2,0.99,41.1,58,7295,1
1.7.2026,15:15.7,0.682,22.5,49,5021,0
1.7.2026,42:49.3,0.667,54.3,52,5021,1
1.7.2026,00:01.1,0.659,16.4,53,5028,0
1.7.2026,51:21.8,0.923,36.4,70,7268,1
1.7.2026,21:42.9,0.843,26.2,60,4996,0
1.7.2026,55:38.9,1.001,42.8,72,7281,1
1.7.2026,49:41.2,0.664,26.1,49,7308,1
1.7.2026,03:35.7,0.986,15.0,61,4783,0
1.7.2026,02:11.4,0.841,31.3,56,4996,0
1.7.2026,43:29.6,0.719,24.3,48,7281,1
1.7.2026,17:14.8,0.731,100.0,64,7308,2
1.7.2026,28:26.1,0.801,28.0,55,4990,0
1.7.2026,21:28.9,0.874,42.4,61,4996,0
1.7.2026,17:00.1,0.973,23.1,56,4818,0
1.7.2026,42:15.1,0.682,30.2,51,4971,1
1.7.2026,02:01.4,0.791,45.8,52,5009,0
1.7.2026,58:01.6,0.726,37.0,56,7322,1
1.7.2026,51:25.6,0.829,38.0,54,4697,0
1.7.2026,21:02.8,0.906,30.5,55,4952,0
1.7.2026,56:44.5,0.835,14.7,59,5028,0
1.7.2026,59:43.1,0.882,28.9,58,5034,0
1.7.2026,11:32.6,0.864,100.0,93,7308,2
1.7.2026,13:54.6,0.789,100.0,75,7322,2
1.7.2026,21:10.8,0.839,31.1,61,4996,0
1.7.2026,59:39.1,0.654,28.2,61,5028,0
1.7.2026,19:16.5,0.791,15.7,53,4812,0
1.7.2026,55:38.3,0.917,40.2,65,5034,0
1.7.2026,01:43.3,0.666,13.1,49,4996,0
1.7.2026,57:55.6,0.826,72.8,59,7308,1
1.7.2026,46:20.3,0.68,25.0,49,7281,1
1.7.2026,44:07.7,0.704,17.8,46,7295,1
1.7.2026,09:42.8,0.854,16.4,48,4818,0
1.7.2026,55:40.3,0.926,42.6,69,5021,0
1.7.2026,16:13.0,0.708,100.0,61,7363,2
1.7.2026,08:48.5,0.812,12.4,50,4812,0
1.7.2026,58:30.8,0.873,34.4,64,4996,0
1.7.2026,15:13.7,0.664,34.7,52,5021,0
1.7.2026,15:34.7,0.705,100.0,62,7308,2
1.7.2026,55:30.9,1.0,50.3,72,7281,1
1.7.2026,01:55.4,0.889,22.7,52,4996,0
1.7.2026,47:28.6,1.001,51.8,73,7295,1
1.7.2026,40:34.7,0.661,32.8,51,5021,1
1.7.2026,14:55.6,0.712,18.2,56,5054,0
1.7.2026,19:20.5,0.752,13.3,53,4818,0
1.7.2026,57:28.6,0.677,14.0,54,4996,0
1.7.2026,10:12.8,0.838,26.4,52,4777,0
1.7.2026,22:41.1,0.817,18.1,52,5009,0
1.7.2026,07:52.4,0.924,21.3,55,4818,0
1.7.2026,43:57.6,0.683,22.2,47,7281,1
1.7.2026,43:39.6,0.796,20.7,47,7295,1
1.7.2026,12:37.2,0.773,26.6,52,4783,0
1.7.2026,51:07.6,0.835,13.4,55,4720,0
1.7.2026,52:54.3,0.691,39.6,49,7254,1
1.7.2026,06:40.2,0.752,17.7,63,4818,0
1.7.2026,51:11.6,0.966,6.6,53,4720,0
1.7.2026,16:04.8,0.704,100.0,62,7281,2
1.7.2026,09:20.7,0.817,14.1,50,4824,0
1.7.2026,58:38.8,0.939,52.2,67,4996,0
1.7.2026,26:35.8,0.899,21.9,56,4996,0
1.7.2026,09:10.7,0.736,12.8,49,4807,0
1.7.2026,59:07.0,0.874,21.7,61,5028,0
1.7.2026,21:04.8,0.886,33.5,57,4996,0
1.7.2026,42:31.2,0.674,20.2,49,5002,1
1.7.2026,29:50.3,0.666,32.3,49,4777,0
1.7.2026,47:08.5,0.665,40.7,48,7241,1
1.7.2026,49:05.0,0.697,52.5,55,7295,1
1.7.2026,19:12.5,0.864,19.3,53,4818,0
1.7.2026,53:44.5,0.743,46.1,51,7322,1
1.7.2026,43:19.5,0.854,37.3,52,7295,1
1.7.2026,00:15.1,0.975,22.8,58,5028,0
1.7.2026,13:09.3,0.789,55.4,62,4789,0
1.7.2026,45:20.0,0.667,36.9,52,7281,1
1.7.2026,01:33.3,0.751,16.6,50,4996,0
1.7.2026,14:09.4,0.996,12.6,54,5002,0
1.7.2026,12:26.6,0.887,100.0,91,7308,2
1.7.2026,05:13.9,0.734,15.6,51,4795,0
1.7.2026,10:54.9,0.797,18.1,50,4795,0
1.7.2026,21:07.0,0.751,100.0,65,7295,2
1.7.2026,11:51.1,0.93,36.7,58,4789,0
1.7.2026,48:52.9,0.704,44.9,54,7281,1
1.7.2026,39:12.3,0.656,36.0,54,5021,1
1.7.2026,58:36.8,0.939,34.7,68,4996,0
1.7.2026,41:59.1,0.78,22.9,51,4990,1
1.7.2026,30:08.3,0.842,33.2,54,4783,0
1.7.2026,50:09.4,0.975,49.9,65,7281,1
1.7.2026,41:12.9,0.654,67.0,55,5034,1
1.7.2026,53:13.9,0.914,91.3,70,5021,0
1.7.2026,51:49.7,0.91,90.2,70,4681,0
1.7.2026,55:50.3,0.996,27.6,65,5028,0
1.7.2026,08:58.6,0.892,24.1,55,4783,0
1.7.2026,18:10.3,0.948,27.8,66,4812,0
1.7.2026,55:18.8,0.686,79.2,54,7281,1
1.7.2026,53:51.9,1.0,34.2,70,5034,0
1.7.2026,50:11.4,1.001,60.6,60,7295,1
1.7.2026,17:57.3,0.764,100.0,66,7349,2
1.7.2026,44:53.9,0.902,52.0,65,7295,1
1.7.2026,07:14.3,0.668,12.4,47,4795,0
1.7.2026,00:14.2,1.001,70.8,68,7295,1
1.7.2026,18:34.9,0.733,100.0,68,7295,2
1.7.2026,51:49.9,0.663,27.7,50,7295,1
1.7.2026,42:53.3,1.006,27.9,71,5028,1
1.7.2026,03:09.6,0.706,12.1,53,4789,0
1.7.2026,11:28.6,0.881,100.0,94,7295,2
1.7.2026,43:13.4,0.663,40.0,51,5408,1
1.7.2026,25:21.5,0.789,28.8,55,5002,0
1.7.2026,25:29.6,0.748,20.5,55,4996,0
1.7.2026,45:38.1,0.907,23.1,50,7268,1
1.7.2026,51:07.7,1.006,41.7,63,7308,1
1.7.2026,40:16.6,0.67,25.1,50,5028,1
1.7.2026,13:17.3,0.918,47.5,61,4812,0
1.7.2026,03:13.7,0.658,87.4,52,4772,0
1.7.2026,53:35.9,0.908,60.6,69,5034,0
1.7.2026,51:55.7,0.837,21.1,53,4681,0
1.7.2026,12:08.6,0.854,100.0,91,7295,2
1.7.2026,08:36.5,0.801,19.9,52,4824,0
1.7.2026,15:17.7,0.827,23.7,59,5034,0
1.7.2026,52:51.8,0.824,33.4,67,4795,0
1.7.2026,12:23.2,0.707,13.3,51,4783,0
1.7.2026,01:09.3,0.944,17.0,59,4996,0
1.7.2026,15:03.6,0.758,14.0,50,5021,0
1.7.2026,11:55.1,0.829,19.7,61,4789,0
1.7.2026,51:15.6,0.972,8.5,52,4686,0
1.7.2026,17:54.2,0.687,41.1,54,4807,0
1.7.2026,26:07.6,0.66,36.5,54,5002,0
1.7.2026,02:17.5,0.944,27.1,55,4927,0
1.7.2026,52:35.8,0.637,84.4,75,4795,0
1.7.2026,57:15.4,0.993,57.8,62,7295,1
1.7.2026,54:34.1,0.887,11.0,58,4990,0
1.7.2026,02:43.6,0.794,18.0,54,4795,0
1.7.2026,27:07.9,0.666,19.6,56,4996,0
1.7.2026,58:58.9,0.654,17.7,58,5028,0
1.7.2026,58:08.7,0.912,18.1,58,4996,0
1.7.2026,29:18.2,0.726,23.6,55,5034,0
1.7.2026,47:06.4,1.001,26.8,54,7281,1
1.7.2026,42:41.2,0.867,28.7,52,5028,1
1.7.2026,17:34.1,0.917,18.6,53,4789,0
1.7.2026,27:42.0,0.752,41.3,54,4996,0
1.7.2026,44:11.7,1.001,40.7,56,7281,1
1.7.2026,42:09.1,0.662,22.6,50,4958,1
1.7.2026,16:30.8,0.692,100.0,61,7308,2
1.7.2026,13:46.8,0.801,100.0,75,7295,2
1.7.2026,08:32.5,0.747,18.8,51,4824,0
1.7.2026,58:46.9,0.996,13.1,61,4964,0
1.7.2026,12:35.2,0.804,21.4,54,4812,0
1.7.2026,57:11.4,0.816,49.8,56,7281,1
1.7.2026,08:52.6,0.919,15.5,54,4848,0
1.7.2026,57:13.5,0.679,59.5,54,7281,1
1.7.2026,11:13.0,0.797,23.1,51,4812,0
1.7.2026,47:48.6,0.672,53.3,49,7295,1
1.7.2026,26:57.8,0.869,53.5,62,4996,0
1.7.2026,49:13.1,0.893,49.9,61,7308,1
1.7.2026,53:01.8,1.0,40.8,81,4824,0
1.7.2026,54:56.8,0.92,47.0,60,7281,1
1.7.2026,54:06.0,0.957,19.3,66,5028,0
1.7.2026,13:19.3,0.688,34.4,56,4812,0
1.7.2026,41:41.0,0.77,34.1,54,4996,1
1.7.2026,11:48.6,0.881,100.0,89,7322,2
1.7.2026,00:23.2,0.939,25.4,54,5021,0
1.7.2026,41:49.1,0.964,21.4,64,4971,1
1.7.2026,03:03.6,0.767,12.4,52,4783,0
1.7.2026,42:21.2,0.661,25.9,52,4990,1
1.7.2026,14:50.6,0.74,100.0,65,7322,2
1.7.2026,19:22.5,0.708,14.2,52,4818,0
1.7.2026,39:04.3,0.886,58.6,68,5015,1
1.7.2026,52:02.0,0.667,16.8,49,7322,1
1.7.2026,54:42.1,0.877,13.8,54,4990,0
1.7.2026,52:25.7,0.913,84.2,77,4818,0
1.7.2026,55:12.2,0.918,45.6,75,5021,0
1.7.2026,57:50.7,0.784,39.2,58,5002,0
1.7.2026,52:45.8,0.892,52.7,69,4783,0
1.7.2026,09:16.7,0.881,47.8,61,4812,0
1.7.2026,53:17.9,0.823,51.6,73,5021,0
1.7.2026,54:14.6,1.001,56.8,67,7308,1
1.7.2026,58:39.8,1.001,53.3,70,7295,1
1.7.2026,57:08.5,0.739,19.3,61,4996,0
1.7.2026,55:36.3,0.896,41.5,68,5028,0
1.7.2026,21:06.8,0.87,39.5,62,4996,0
1.7.2026,17:40.1,0.876,30.0,55,4812,0
1.7.2026,55:26.2,0.958,49.1,70,5021,0
1.7.2026,53:41.9,0.734,34.7,61,5034,0
1.7.2026,56:17.1,0.967,51.0,71,7281,1
1.7.2026,58:23.7,0.911,35.5,66,7322,1
1.7.2026,09:08.6,0.769,13.6,48,4807,0
1.7.2026,14:20.6,0.751,100.0,70,7308,2
1.7.2026,23:55.3,0.764,32.2,62,4990,0
1.7.2026,56:32.4,0.874,26.7,59,5034,0
1.7.2026,59:19.0,0.941,20.8,61,5028,0
1.7.2026,05:58.0,0.681,9.8,50,4789,0
1.7.2026,55:57.0,0.991,51.1,63,7268,1
1.7.2026,19:44.6,0.652,34.8,59,4789,0
1.7.2026,46:56.4,0.996,20.8,67,7241,1
1.7.2026,54:16.0,0.744,13.5,58,5009,0
1.7.2026,17:58.2,0.813,24.9,60,4824,0
1.7.2026,15:41.7,0.907,20.3,51,4789,0
1.7.2026,53:14.3,0.664,38.9,49,7241,1
1.7.2026,54:26.1,0.79,11.8,55,4990,0
1.7.2026,05:34.0,0.842,13.4,51,4783,0
1.7.2026,53:29.9,0.914,87.6,74,5028,0
1.7.2026,10:20.8,0.705,17.9,52,4789,0
1.7.2026,44:59.9,1.007,48.3,66,7295,1
1.7.2026,47:12.5,0.784,26.2,47,7295,1
1.7.2026,39:52.5,0.671,22.5,51,5028,1
1.7.2026,21:44.9,0.787,47.3,58,4996,0
1.7.2026,43:05.4,0.755,24.8,52,5028,1
1.7.2026,15:22.6,0.7,100.0,63,7322,2
1.7.2026,15:06.6,0.7,100.0,64,7254,2
1.7.2026,11:46.6,0.904,100.0,90,7322,2
1.7.2026,16:32.0,0.667,18.1,48,4824,0
1.7.2026,24:07.3,0.764,23.5,61,5002,0
1.7.2026,04:01.8,0.914,14.6,58,4789,0
1.7.2026,58:52.9,1.036,24.0,63,5028,0
1.7.2026,57:09.4,0.667,36.5,54,7281,1
1.7.2026,59:57.1,0.794,24.7,54,5041,0
1.7.2026,43:11.4,0.915,24.6,60,5034,1
1.7.2026,19:30.8,0.779,100.0,70,7295,2
1.7.2026,54:56.2,1.008,10.2,57,5034,0
1.7.2026,11:16.6,0.812,100.0,92,7308,2
1.7.2026,13:33.4,1.022,16.5,56,4812,0
1.7.2026,59:21.0,0.874,15.8,61,5028,0
1.7.2026,56:13.1,0.956,41.3,69,7268,1
1.7.2026,21:39.0,0.752,100.0,65,7281,2
1.7.2026,54:10.0,0.915,16.0,64,5028,0
1.7.2026,52:07.7,1.0,74.0,76,4703,0
1.7.2026,55:24.9,0.986,61.6,72,7281,1
1.7.2026,13:38.6,0.776,100.0,77,7322,2
1.7.2026,06:02.0,0.881,11.5,49,4783,0
1.7.2026,14:59.6,0.87,16.0,51,5034,0
1.7.2026,47:32.6,1.001,59.9,60,7295,1
1.7.2026,57:37.5,0.966,60.1,62,7322,1
1.7.2026,51:01.6,0.997,16.5,52,4783,0
1.7.2026,51:56.0,0.661,29.3,51,7295,1
1.7.2026,27:52.0,0.823,51.0,57,5002,0
1.7.2026,28:06.0,0.841,16.3,53,5002,0
1.7.2026,45:58.2,0.67,45.8,50,7268,1
1.7.2026,53:45.9,0.826,36.5,63,5028,0
1.7.2026,48:28.8,0.807,41.0,54,7308,1
1.7.2026,13:39.4,0.853,15.9,73,4818,0
1.7.2026,54:58.8,0.667,44.2,52,7268,1
1.7.2026,26:01.6,0.732,20.4,53,4990,0
1.7.2026,16:48.0,0.874,22.5,52,4789,0
1.7.2026,17:40.7,0.752,100.0,66,7336,2
1.7.2026,20:26.9,0.762,100.0,68,7295,2
1.7.2026,59:54.1,0.664,45.1,56,7322,1
1.7.2026,56:29.2,0.983,61.3,69,7295,1
1.7.2026,04:33.9,0.661,13.1,51,4777,0
1.7.2026,15:57.2,0.71,100.0,62,7295,2
1.7.2026,58:27.7,1.021,33.1,61,7308,1
1.7.2026,51:29.8,0.66,41.8,51,7281,1
1.7.2026,54:30.1,0.829,12.5,55,4996,0
1.7.2026,14:03.4,0.932,14.9,61,5002,0
1.7.2026,49:15.1,0.975,44.0,59,7295,1
1.7.2026,18:40.4,0.902,26.8,61,4789,0
1.7.2026,40:12.6,0.684,30.4,50,5028,1
1.7.2026,53:05.9,0.961,51.3,70,4812,0
1.7.2026,42:23.2,0.662,23.1,51,4996,1
1.7.2026,19:32.6,0.809,16.4,54,4812,0
1.7.2026,51:03.7,0.909,41.2,71,7295,1
1.7.2026,40:56.8,0.673,28.7,52,5034,1
1.7.2026,58:28.8,0.894,36.7,70,4996,0
1.7.2026,55:52.3,0.826,27.0,64,5028,0
1.7.2026,27:26.0,0.881,21.3,59,4996,0
1.7.2026,03:31.7,0.684,10.2,51,4789,0
1.7.2026,53:48.5,0.744,72.9,58,7322,1
1.7.2026,29:14.2,0.685,15.9,48,5021,0
1.7.2026,18:46.8,0.789,100.0,70,7336,2
1.7.2026,56:41.2,0.666,43.7,55,7295,1
1.7.2026,41:20.9,0.838,60.2,63,5034,1
1.7.2026,41:02.8,0.883,42.9,56,5028,1
1.7.2026,19:26.9,0.804,100.0,70,7336,2
1.7.2026,47:44.6,0.664,33.2,48,7281,1
1.7.2026,51:19.6,0.879,23.5,52,4675,0
1.7.2026,06:04.1,0.907,9.5,49,4789,0
1.7.2026,14:43.6,0.743,13.8,52,4990,0
1.7.2026,59:33.0,0.962,19.0,56,5028,0
1.7.2026,20:32.8,0.874,35.9,70,4789,0
1.7.2026,04:03.8,0.843,14.9,50,4783,0
1.7.2026,49:29.1,0.666,40.2,52,7295,1
1.7.2026,21:24.9,0.794,35.5,59,4996,0
1.7.2026,21:57.0,0.851,32.6,61,5002,0
1.7.2026,15:02.6,0.689,100.0,64,7322,2
1.7.2026,46:10.3,0.663,38.2,49,7281,1
1.7.2026,06:26.1,0.947,12.9,55,4783,0
1.7.2026,47:42.6,0.666,30.3,49,7268,1
1.7.2026,14:56.6,0.722,100.0,65,7322,2
1.7.2026,30:06.3,0.668,11.5,47,4807,0
1.7.2026,23:05.2,0.662,19.8,51,4996,0
1.7.2026,07:48.4,0.92,19.8,56,4783,0
1.7.2026,15:45.8,0.827,41.9,54,4789,0
1.7.2026,52:21.7,0.904,76.2,71,4703,0
1.7.2026,20:04.7,0.901,31.3,55,4812,0
1.7.2026,15:29.7,0.804,27.4,58,4818,0
1.7.2026,09:04.6,0.702,12.8,49,4807,0
1.7.2026,38:54.2,0.767,72.1,60,4812,1
1.7.2026,43:31.6,0.914,23.2,58,7281,1
1.7.2026,14:21.5,0.921,13.8,54,5002,0
1.7.2026,52:40.2,1.001,33.7,58,7254,1
1.7.2026,52:00.0,0.663,26.5,50,7322,1
1.7.2026,44:35.8,0.787,39.1,47,7268,1
1.7.2026,29:20.2,0.704,11.8,48,5021,0
1.7.2026,25:31.6,0.849,18.6,55,4996,0
1.7.2026,03:29.7,0.698,13.9,51,4789,0
1.7.2026,13:21.3,0.707,27.9,56,4807,0
1.7.2026,59:50.0,0.844,47.6,61,7295,1
1.7.2026,02:59.6,0.789,15.1,54,4783,0
1.7.2026,23:23.2,0.894,31.8,52,4996,0
1.7.2026,17:14.1,0.852,21.2,54,4824,0
1.7.2026,15:37.7,0.917,23.9,59,4812,0
1.7.2026,43:59.6,0.713,17.4,46,7295,1
1.7.2026,25:39.6,0.824,21.1,55,4996,0
1.7.2026,23:29.2,0.816,11.8,50,4990,0
1.7.2026,57:51.6,0.901,55.4,63,7322,1
1.7.2026,56:25.2,1.0,53.8,73,7268,1
1.7.2026,20:32.9,0.742,100.0,67,7281,2
1.7.2026,59:56.1,0.867,45.4,54,7295,1
1.7.2026,48:40.9,0.821,46.6,54,7295,1
1.7.2026,57:49.6,0.664,75.9,56,7308,1
1.7.2026,43:09.4,1.001,34.9,58,5034,1
1.7.2026,50:57.7,0.779,41.4,52,7308,1
1.7.2026,56:33.2,0.791,80.0,61,7295,1
1.7.2026,46:24.3,0.928,29.4,50,7295,1
1.7.2026,12:38.6,0.839,100.0,90,7308,2
1.7.2026,40:36.7,1.036,34.3,66,5015,1
1.7.2026,14:40.6,0.73,100.0,66,7336,2
1.7.2026,15:30.7,0.708,100.0,63,7349,2
1.7.2026,40:04.6,0.663,26.7,51,5028,1
1.7.2026,20:38.8,0.894,34.3,71,4789,0
1.7.2026,53:39.9,0.916,32.6,66,5034,0
1.7.2026,30:14.3,0.775,20.5,49,4795,0
1.7.2026,18:16.3,0.949,67.8,69,4812,0
1.7.2026,48:20.8,0.808,46.0,51,7281,1
1.7.2026,13:29.3,1.036,13.7,58,4812,0
1.7.2026,58:05.6,0.857,38.5,54,7322,1
1.7.2026,52:55.8,0.741,32.3,67,4812,0
1.7.2026,55:28.2,0.891,39.7,62,5034,0
1.7.2026,29:10.2,0.716,15.4,49,5028,0
1.7.2026,22:15.0,0.694,17.8,54,4983,0
1.7.2026,14:16.6,0.749,100.0,72,7349,2
1.7.2026,18:34.4,0.756,27.8,58,4818,0
1.7.2026,46:38.3,0.664,32.7,48,7281,1
1.7.2026,51:31.8,1.004,64.1,66,7295,1
1.7.2026,39:20.4,0.708,26.1,52,5028,1
1.7.2026,07:54.4,0.882,17.1,54,4818,0
1.7.2026,20:55.0,0.717,100.0,66,7295,2
1.7.2026,02:39.6,0.876,21.5,54,4783,0
1.7.2026,03:57.8,0.664,18.6,51,4783,0
1.7.2026,25:17.5,0.817,34.8,67,5002,0
1.7.2026,45:01.9,0.671,37.3,51,7295,1
1.7.2026,20:56.8,0.746,33.5,57,4795,0
1.7.2026,18:44.4,0.939,26.6,57,4795,0
1.7.2026,19:56.9,0.767,100.0,70,7281,2
1.7.2026,06:56.2,0.665,18.8,49,4812,0
1.7.2026,55:43.0,0.846,51.3,66,7295,1
1.7.2026,13:28.6,0.767,100.0,78,7295,2
1.7.2026,52:48.2,0.664,38.5,49,7268,1
1.7.2026,12:51.2,1.001,81.0,65,4795,0
1.7.2026,56:46.5,0.826,19.5,62,5034,0
1.7.2026,48:02.7,0.674,23.3,48,7241,1
1.7.2026,29:28.2,0.841,48.0,56,5002,0
1.7.2026,52:17.7,0.83,85.3,71,4703,0
1.7.2026,14:53.6,0.664,15.2,48,5002,0
1.7.2026,54:02.0,0.98,45.2,72,5041,0
1.7.2026,56:34.4,0.652,24.2,59,5021,0
1.7.2026,39:02.3,0.921,59.4,67,4996,1
1.7.2026,20:18.7,0.744,46.3,63,4812,0
1.7.2026,50:59.7,0.669,39.2,51,7295,1
1.7.2026,13:58.6,0.755,100.0,74,7268,2
1.7.2026,19:54.9,0.767,100.0,70,7268,2
1.7.2026,27:36.0,0.796,38.2,54,4958,0
1.7.2026,29:40.2,0.792,32.7,59,4812,0
1.7.2026,43:01.4,0.999,22.3,70,5015,1
1.7.2026,51:25.8,0.712,32.6,57,7268,1
1.7.2026,43:53.6,0.739,20.0,47,7295,1
1.7.2026,08:06.4,0.773,16.7,52,4795,0
1.7.2026,07:44.4,0.658,28.7,54,4795,0
1.7.2026,11:02.5,0.928,100.0,98,6959,2
1.7.2026,11:20.5,0.889,100.0,93,7349,2
1.7.2026,02:21.4,0.719,36.5,53,4772,0
1.7.2026,12:46.6,0.844,100.0,88,7308,2
1.7.2026,38:28.2,0.674,19.4,50,4812,1
1.7.2026,51:57.7,0.659,24.8,53,4675,0
1.7.2026,39:26.5,0.682,27.3,52,4971,1
1.7.2026,49:57.3,0.998,40.7,54,7322,1
1.7.2026,17:36.1,0.935,46.3,61,4783,0
1.7.2026,22:39.1,0.774,18.8,51,4996,0
1.7.2026,55:49.0,0.668,30.7,54,7268,1
1.7.2026,56:40.4,0.746,14.8,61,5015,0
1.7.2026,53:06.3,0.692,32.3,48,7268,1
1.7.2026,38:46.2,0.986,26.6,62,4818,1
1.7.2026,40:38.7,0.956,58.1,62,5041,1
1.7.2026,52:52.3,0.67,40.6,50,7281,1
1.7.2026,21:32.9,0.902,33.6,57,5002,0
1.7.2026,07:28.4,1.001,59.6,63,4760,0
1.7.2026,22:55.1,0.804,16.7,52,4990,0
1.7.2026,27:44.0,0.693,14.2,52,4971,0
1.7.2026,25:33.6,0.837,24.4,54,5002,0
1.7.2026,10:40.8,0.752,24.0,53,4783,0
1.7.2026,16:07.9,0.666,18.9,49,4807,0
1.7.2026,13:01.3,0.896,40.0,61,4812,0
1.7.2026,58:50.9,0.789,30.9,62,4958,0
1.7.2026,15:31.7,0.768,21.4,54,4818,0
1.7.2026,21:33.0,0.717,100.0,66,7322,2
1.7.2026,12:14.6,0.864,100.0,90,7308,2
1.7.2026,29:42.2,0.823,33.5,55,4812,0
1.7.2026,55:40.9,0.991,46.3,66,7254,1
1.7.2026,53:58.5,0.941,24.4,58,7322,1
1.7.2026,12:00.6,0.839,100.0,93,7295,2
1.7.2026,22:17.0,0.744,18.9,54,4996,0
1.7.2026,39:10.3,0.996,46.3,57,5028,1
1.7.2026,26:39.8,0.833,34.7,57,5002,0
1.7.2026,54:38.1,0.986,11.1,58,4990,0
1.7.2026,58:29.7,0.779,40.2,54,7308,1
1.7.2026,10:02.8,0.712,29.1,54,4789,0
1.7.2026,30:04.3,0.667,9.9,48,4824,0
1.7.2026,30:18.3,0.714,23.0,49,4807,0
1.7.2026,49:09.1,0.981,40.4,65,7281,1
1.7.2026,48:38.9,0.672,35.5,55,7295,1
1.7.2026,20:48.8,0.748,35.3,57,4789,0
1.7.2026,22:43.1,0.661,18.7,51,4983,0
1.7.2026,26:05.6,0.69,54.3,54,5002,0
1.7.2026,51:01.7,0.672,36.5,51,7322,1
1.7.2026,51:47.9,0.702,34.8,54,7295,1
1.7.2026,54:44.8,1.001,38.7,68,7268,1
1.7.2026,20:36.8,0.806,31.3,66,4783,0
1.7.2026,13:48.6,0.75,100.0,75,7228,2
1.7.2026,20:28.9,0.802,100.0,68,7268,2
1.7.2026,58:11.6,0.723,43.6,52,7308,1
1.7.2026,19:28.6,0.785,18.4,54,4812,0
1.7.2026,45:48.1,0.819,40.4,50,7308,1
1.7.2026,15:35.7,0.913,20.3,56,4824,0
1.7.2026,15:01.6,0.866,14.0,49,5028,0
1.7.2026,06:14.1,0.746,10.8,49,4789,0
1.7.2026,59:51.1,0.741,15.5,57,5034,0
1.7.2026,53:31.9,0.689,78.3,65,5028,0
1.7.2026,13:16.6,0.824,100.0,81,7268,2
1.7.2026,05:54.0,0.866,13.5,51,4842,0
1.7.2026,04:15.8,0.944,20.0,53,4783,0
1.7.2026,56:54.5,0.916,18.0,60,5028,0
1.7.2026,25:53.6,0.874,30.6,68,4990,0
1.7.2026,16:14.8,0.701,100.0,62,7308,2
1.7.2026,52:58.3,0.996,46.2,66,7308,1
1.7.2026,18:58.9,0.761,100.0,71,7349,2
1.7.2026,52:08.0,0.666,21.1,49,7308,1
1.7.2026,10:56.9,0.951,34.8,50,4783,0
1.7.2026,53:03.8,0.995,45.7,73,4824,0
1.7.2026,42:05.1,0.663,18.7,49,4990,1
1.7.2026,20:12.7,0.867,46.9,59,4783,0
1.7.2026,56:31.3,0.787,68.5,62,7281,1
1.7.2026,58:14.8,0.747,17.3,59,4990,0
1.7.2026,00:19.2,0.904,19.0,53,5028,0
1.7.2026,50:31.5,1.001,49.4,68,7308,1
1.7.2026,45:18.0,0.874,40.7,58,7295,1
1.7.2026,52:13.7,0.994,86.3,83,4709,0
1.7.2026,57:29.5,0.787,91.8,61,7349,1
1.7.2026,13:11.3,0.891,39.7,66,4789,0
1.7.2026,18:22.9,0.797,100.0,68,7308,2
1.7.2026,54:40.7,0.996,31.5,57,7268,1
1.7.2026,23:43.3,0.661,26.1,54,4996,0
1.7.2026,51:17.7,0.98,46.3,68,7295,1
1.7.2026,59:34.0,0.716,66.6,58,7308,1
1.7.2026,15:43.8,0.784,19.8,53,4783,0
1.7.2026,57:24.6,0.657,16.6,54,4996,0
1.7.2026,21:46.9,0.778,36.4,57,4996,0
1.7.2026,06:18.1,0.677,10.0,49,4812,0
1.7.2026,46:08.3,0.668,38.0,50,7281,1
1.7.2026,13:37.4,0.861,19.7,53,4818,0
1.7.2026,16:28.0,0.755,24.4,49,4807,0
1.7.2026,18:24.9,0.747,100.0,70,7281,2
1.7.2026,11:06.6,0.942,100.0,100,7349,2
1.7.2026,15:23.7,0.942,30.8,65,4812,0
1.7.2026,12:48.9,0.84,100.0,85,7322,2
1.7.2026,45:32.1,0.992,29.5,57,7295,1
1.7.2026,04:49.9,0.771,18.9,55,4783,0
1.7.2026,27:46.0,0.845,14.1,52,5002,0
1.7.2026,49:27.1,0.885,27.1,52,7295,1
1.7.2026,49:43.2,0.955,21.9,57,7295,1
1.7.2026,18:38.4,0.783,29.3,62,4795,0
1.7.2026,14:22.6,0.729,100.0,70,7268,2
1.7.2026,11:39.1,0.873,27.3,57,4795,0
1.7.2026,54:50.1,0.744,35.0,61,4964,0
1.7.2026,04:59.9,0.715,19.4,54,4789,0
1.7.2026,20:16.9,0.763,100.0,68,7281,2
1.7.2026,23:27.2,0.778,11.9,51,4996,0
1.7.2026,11:15.0,0.877,18.5,49,4824,0
1.7.2026,20:25.0,0.762,100.0,68,7268,2
1.7.2026,54:00.0,0.989,61.8,71,5021,0
1.7.2026,19:24.5,0.884,18.8,54,4812,0
1.7.2026,57:41.5,0.666,51.6,55,7308,1
1.7.2026,20:23.0,0.741,100.0,67,7281,2
1.7.2026,16:13.9,0.822,19.6,54,4789,0
1.7.2026,07:42.4,0.724,65.2,56,4812,0
1.7.2026,41:25.0,0.664,38.2,53,5034,1
1.7.2026,43:03.4,0.676,19.3,51,5028,1
1.7.2026,51:23.7,0.909,34.4,66,4675,0
1.7.2026,04:17.8,0.806,19.5,51,4789,0
1.7.2026,00:31.2,0.916,26.5,63,4996,0
1.7.2026,20:09.0,0.719,100.0,66,7268,2
1.7.2026,26:41.8,0.876,34.8,61,4996,0
1.7.2026,38:34.2,0.831,86.3,73,4812,1
1.7.2026,46:54.4,0.926,31.4,63,7281,1
1.7.2026,52:16.0,0.977,38.1,52,7308,1
1.7.2026,16:34.7,0.704,100.0,63,7308,2
1.7.2026,47:14.5,0.784,26.7,46,7268,1
1.7.2026,14:07.4,1.059,14.9,56,4996,0
1.7.2026,12:10.6,0.896,100.0,94,7295,2
1.7.2026,51:11.7,0.944,40.0,63,7295,1
1.7.2026,19:41.0,0.761,100.0,68,7322,2
1.7.2026,14:05.4,0.999,14.9,56,4990,0
1.7.2026,19:30.6,0.717,27.5,54,4812,0
1.7.2026,48:50.9,0.802,42.2,56,7281,1
1.7.2026,56:20.4,0.823,42.6,67,5021,0
1.7.2026,20:58.8,0.907,33.2,61,4777,0
1.7.2026,59:42.0,0.995,48.1,72,7295,1
1.7.2026,59:37.1,1.009,23.9,60,5034,0
1.7.2026,02:15.4,0.911,21.7,53,4996,0
1.7.2026,19:44.9,0.775,100.0,68,7295,2
1.7.2026,25:47.6,0.711,26.4,54,4990,0
1.7.2026,08:16.5,0.809,22.0,53,4812,0
1.7.2026,43:49.6,0.682,17.2,46,7268,1
1.7.2026,24:59.5,0.702,13.7,52,4990,0
1.7.2026,16:44.0,0.83,28.4,56,4807,0
1.7.2026,16:52.7,0.731,100.0,62,7295,2
1.7.2026,16:38.7,0.714,100.0,63,7295,2
1.7.2026,16:30.0,0.854,21.2,48,4812,0
1.7.2026,40:24.6,1.001,61.3,73,5028,1
1.7.2026,38:58.3,0.665,40.0,56,4760,1
1.7.2026,17:12.8,0.727,100.0,62,7322,2
1.7.2026,28:36.1,0.713,35.9,51,4964,0
1.7.2026,08:28.5,0.672,23.1,51,4807,0
1.7.2026,51:45.6,0.989,46.7,65,4675,0
1.7.2026,02:57.6,0.667,10.1,52,4789,0
1.7.2026,41:27.0,0.661,25.4,52,5028,1
1.7.2026,42:37.2,0.987,44.8,74,4996,1
1.7.2026,53:26.4,0.674,23.8,47,7295,1
1.7.2026,14:12.6,0.774,100.0,71,7349,2
1.7.2026,02:25.5,0.891,41.1,71,4789,0
1.7.2026,05:28.0,0.849,21.1,52,4789,0
1.7.2026,06:52.2,0.665,8.7,50,4842,0
1.7.2026,58:16.8,0.849,31.7,60,5002,0
1.7.2026,21:30.9,0.897,30.0,56,4996,0
1.7.2026,39:46.5,0.687,21.3,50,4952,1
1.7.2026,00:26.3,0.661,54.7,57,7295,1
1.7.2026,24:51.5,0.831,40.6,54,4996,0
1.7.2026,23:03.2,0.737,22.6,51,4990,0
1.7.2026,54:08.0,0.754,19.6,61,5021,0
1.7.2026,24:45.5,0.829,17.3,58,4990,0
1.7.2026,26:49.8,0.816,27.3,61,4990,0
1.7.2026,27:34.0,0.705,45.7,55,4971,0
1.7.2026,00:04.1,1.001,32.1,62,7295,1
1.7.2026,42:29.2,0.663,23.6,49,4996,1
1.7.2026,14:19.5,0.841,13.6,53,5002,0
1.7.2026,28:08.0,0.832,27.4,54,5002,0
1.7.2026,24:21.4,0.891,41.3,63,4990,0
1.7.2026,47:30.6,0.995,69.3,72,7281,1
1.7.2026,54:54.8,0.9,59.8,66,7268,1
1.7.2026,56:08.4,0.821,43.1,68,5034,0
1.7.2026,27:48.0,0.841,38.4,55,4990,0
1.7.2026,15:36.7,0.705,100.0,62,7295,2
1.7.2026,21:45.0,0.731,100.0,64,7377,2
1.7.2026,17:26.1,0.853,41.5,62,4789,0
1.7.2026,10:26.8,0.934,18.3,52,4783,0
1.7.2026,47:54.7,0.684,23.9,48,7295,1
1.7.2026,14:33.5,1.002,27.5,71,4990,0
1.7.2026,39:16.4,0.659,26.9,54,5034,1
1.7.2026,42:03.1,0.663,20.3,50,4996,1
1.7.2026,13:34.6,0.787,100.0,77,7281,2
1.7.2026,40:52.8,0.659,39.3,53,5034,1
1.7.2026,07:20.3,0.905,30.9,50,4789,0
1.7.2026,53:04.3,0.665,23.6,49,7281,1
1.7.2026,09:44.8,0.691,15.2,47,4789,0
1.7.2026,29:12.2,0.685,16.7,48,5034,0
1.7.2026,15:53.1,0.679,100.0,61,7295,2
1.7.2026,28:28.1,0.753,27.3,56,4990,0
1.7.2026,17:50.2,0.902,41.8,57,4818,0
1.7.2026,08:10.5,0.809,12.6,52,4854,0
1.7.2026,12:13.1,0.919,34.0,58,4812,0
1.7.2026,56:03.0,0.659,39.7,52,7281,1
1.7.2026,54:24.7,1.0,57.8,78,7295,1
1.7.2026,24:53.5,0.735,34.8,61,5009,0
1.7.2026,58:35.8,0.656,60.5,55,7336,1
1.7.2026,29:30.2,0.865,28.8,62,4996,0
1.7.2026,17:28.1,0.879,48.5,69,4812,0
1.7.2026,54:54.1,0.909,21.6,58,4971,0
1.7.2026,48:48.9,0.985,40.7,61,7295,1
1.7.2026,15:47.8,1.016,24.5,53,4789,0
1.7.2026,14:32.6,0.718,100.0,66,7241,2
1.7.2026,27:11.9,0.813,57.9,57,4964,0
1.7.2026,53:10.3,0.664,24.9,48,7281,1
1.7.2026,18:48.4,0.92,41.2,56,4812,0
1.7.2026,55:00.2,0.951,10.5,53,5015,0
1.7.2026,12:59.3,0.851,43.0,55,4818,0
1.7.2026,13:12.6,0.821,100.0,82,7295,2
1.7.2026,11:26.5,0.901,100.0,94,7349,2
1.7.2026,20:14.9,0.735,100.0,66,7281,2
1.7.2026,12:17.1,0.926,44.3,62,4807,0
1.7.2026,03:23.7,0.885,23.0,54,4783,0
1.7.2026,59:59.1,0.789,17.9,58,5034,0
1.7.2026,12:57.3,0.917,32.4,61,4812,0
1.7.2026,22:19.0,0.802,20.5,54,4996,0
1.7.2026,18:32.4,0.655,24.5,57,4818,0
1.7.2026,20:00.7,0.795,29.9,56,4818,0
1.7.2026,52:33.8,1.001,99.5,80,4789,0
1.7.2026,44:39.8,0.706,36.6,48,7268,1
1.7.2026,15:14.6,0.713,100.0,62,7281,2
1.7.2026,24:11.4,0.834,31.9,61,4996,0
1.7.2026,20:20.7,0.79,41.6,65,4818,0
1.7.2026,16:54.0,0.907,18.0,53,4789,0
1.7.2026,39:30.5,0.662,25.5,51,4996,1
1.7.2026,28:42.1,0.757,33.0,49,5002,0
1.7.2026,51:09.6,0.946,7.9,54,4731,0
1.7.2026,18:00.1,0.772,100.0,66,7363,2
1.7.2026,24:35.4,0.784,60.7,57,4990,0
1.7.2026,13:40.6,0.8,100.0,77,7308,2
1.7.2026,15:48.8,0.669,100.0,61,7281,2
1.7.2026,59:49.1,0.793,20.4,55,5021,0
1.7.2026,59:30.0,0.899,67.0,67,7322,1
1.7.2026,11:31.0,0.852,26.9,52,4824,0
1.7.2026,05:52.0,0.849,10.0,52,4795,0
1.7.2026,24:33.4,0.796,51.1,57,4990,0
1.7.2026,27:03.9,0.908,18.0,58,4996,0
1.7.2026,19:02.5,0.753,13.7,52,4812,0
1.7.2026,13:49.4,0.961,27.8,62,4818,0
1.7.2026,16:46.8,0.732,100.0,64,7308,2
1.7.2026,01:13.3,0.747,30.1,67,4996,0
1.7.2026,44:23.7,0.842,21.7,50,7308,1
1.7.2026,59:03.9,0.988,57.9,75,7281,1
1.7.2026,01:31.3,0.859,14.0,51,5002,0
1.7.2026,56:00.4,0.959,39.1,70,5034,0
1.7.2026,29:26.2,0.871,12.2,49,4996,0
1.7.2026,39:18.4,0.659,25.2,54,5028,1
1.7.2026,10:14.8,0.847,18.3,52,4795,0
1.7.2026,56:19.1,0.996,50.2,61,7295,1
1.7.2026,55:12.8,1.001,29.3,66,7268,1
1.7.2026,52:41.8,0.826,71.4,74,4789,0
1.7.2026,58:53.8,0.984,50.6,75,7295,1
1.7.2026,15:19.7,0.666,26.8,49,4818,0
1.7.2026,18:54.4,0.899,23.8,61,4812,0
1.7.2026,44:47.8,0.671,46.8,51,7281,1
1.7.2026,28:20.1,0.825,17.4,51,4983,0
1.7.2026,30:02.3,0.854,17.4,50,4818,0
1.7.2026,06:46.2,0.747,20.5,54,4795,0
1.7.2026,23:31.2,0.724,12.3,51,4996,0
1.7.2026,12:53.2,0.901,57.3,68,4795,0
1.7.2026,04:23.8,0.81,24.7,51,4783,0
1.7.2026,08:08.4,0.664,13.4,52,4789,0
1.7.2026,01:45.3,0.664,11.7,49,4996,0
1.7.2026,51:39.6,0.879,15.8,52,4675,0
1.7.2026,13:55.4,0.907,19.8,61,4824,0
1.7.2026,52:11.7,0.902,93.3,77,4703,0
1.7.2026,21:12.9,0.681,33.6,57,4990,0
1.7.2026,17:49.7,0.762,100.0,65,7349,2
1.7.2026,18:42.4,0.831,30.6,58,4789,0
1.7.2026,08:34.5,0.809,17.9,52,4812,0
1.7.2026,04:39.9,0.843,28.9,51,4789,0
1.7.2026,21:48.9,0.858,34.0,56,4990,0
1.7.2026,09:00.6,0.837,18.8,49,4818,0
1.7.2026,16:24.0,0.845,17.4,50,4807,0
1.7.2026,55:47.0,0.658,40.3,54,7268,1
1.7.2026,20:13.1,0.742,100.0,67,7281,2
1.7.2026,26:33.8,0.781,40.9,69,4996,0
1.7.2026,38:50.3,0.798,35.6,52,4818,1
1.7.2026,59:13.0,0.947,17.3,58,5028,0
1.7.2026,46:06.3,0.662,43.7,51,7268,1
1.7.2026,28:44.1,0.662,15.7,52,4990,0
1.7.2026,17:16.1,0.875,20.5,62,4807,0
1.7.2026,16:28.9,0.699,100.0,62,7308,2
1.7.2026,07:24.4,0.743,28.5,50,4789,0
1.7.2026,56:10.4,0.742,27.4,64,5034,0
1.7.2026,54:20.6,1.001,45.5,68,7322,1
1.7.2026,23:11.2,0.842,15.5,53,4990,0
1.7.2026,55:08.8,1.001,31.3,64,7281,1
1.7.2026,19:34.6,0.774,16.7,54,4812,0
1.7.2026,42:35.2,0.677,44.1,53,4964,1
1.7.2026,11:57.1,0.661,17.9,51,4807,0
1.7.2026,13:57.4,0.857,14.7,57,4812,0
1.7.2026,59:13.9,0.786,58.1,59,7308,1
1.7.2026,10:04.8,0.921,17.7,54,4789,0
1.7.2026,09:56.8,0.687,64.2,54,4777,0
1.7.2026,57:33.5,0.794,81.7,62,7349,1
1.7.2026,51:35.7,1.012,12.1,50,4670,0
1.7.2026,55:16.2,0.819,27.0,58,5021,0
1.7.2026,43:45.6,0.827,16.3,49,7281,1
1.7.2026,41:31.0,0.658,37.4,53,5002,1
1.7.2026,21:13.0,0.754,100.0,64,7281,2
1.7.2026,22:03.0,0.765,40.3,57,4996,0
1.7.2026,23:49.3,0.881,56.2,58,4996,0
1.7.2026,59:27.0,0.913,14.2,56,5034,0
1.7.2026,57:22.6,0.657,24.6,55,5002,0
1.7.2026,29:08.2,0.896,35.1,61,5034,0
1.7.2026,24:13.4,0.799,44.4,58,5002,0
1.7.2026,14:25.5,0.797,27.6,55,4990,0
1.7.2026,13:14.6,0.839,100.0,81,7308,2
1.7.2026,11:19.0,0.671,46.8,53,4830,0
1.7.2026,57:02.5,0.892,17.6,56,5028,0
1.7.2026,01:07.2,0.904,20.6,51,4996,0
1.7.2026,07:38.4,0.725,51.0,55,4812,0
1.7.2026,14:46.6,0.713,100.0,65,7308,2
1.7.2026,15:18.7,0.697,100.0,63,7281,2
1.7.2026,13:24.6,0.79,100.0,79,7281,2
1.7.2026,17:28.8,0.745,100.0,62,7308,2
1.7.2026,12:30.7,0.866,100.0,89,7295,2
1.7.2026,08:20.5,0.684,17.5,52,4824,0
1.7.2026,45:26.0,0.667,25.5,51,7322,1
1.7.2026,26:47.8,0.791,73.1,59,4996,0
1.7.2026,06:58.2,0.856,9.5,51,4795,0
1.7.2026,56:16.4,0.808,53.4,70,5002,0
1.7.2026,40:18.6,0.665,20.8,48,5021,1
1.7.2026,38:42.2,0.937,47.6,58,4818,1
1.7.2026,51:33.6,0.829,11.0,52,4675,0
1.7.2026,50:05.4,0.996,46.1,65,7308,1
1.7.2026,26:53.8,0.891,53.3,63,5002,0
1.7.2026,21:17.0,0.762,100.0,66,7308,2
1.7.2026,09:18.7,0.736,28.7,52,4824,0
1.7.2026,50:13.4,0.995,48.2,66,7281,1
1.7.2026,13:03.3,0.686,21.7,60,4824,0
1.7.2026,11:56.6,0.879,100.0,91,7363,2
1.7.2026,25:07.5,0.661,15.6,52,4996,0
1.7.2026,13:26.6,0.833,100.0,80,7281,2
1.7.2026,49:03.0,0.686,53.9,53,7295,1
1.7.2026,23:07.2,0.867,27.4,51,5002,0
1.7.2026,19:48.9,0.762,100.0,69,7281,2
1.7.2026,00:29.2,0.911,35.2,62,4996,0
1.7.2026,53:20.4,0.667,30.1,47,7322,1
1.7.2026,17:42.2,0.751,26.9,53,4818,0
1.7.2026,11:58.6,0.879,100.0,91,7322,2
1.7.2026,58:32.8,0.804,29.9,61,4996,0
1.7.2026,51:53.7,0.749,28.9,55,4686,0
1.7.2026,21:01.0,0.719,100.0,65,7281,2
1.7.2026,58:55.8,0.994,50.5,69,7308,1
1.7.2026,05:40.0,0.947,9.7,53,4783,0
1.7.2026,20:52.9,0.719,100.0,66,7308,2
1.7.2026,45:09.9,0.659,36.6,52,7295,1
1.7.2026,58:40.9,0.889,53.4,61,4996,0
1.7.2026,52:15.7,0.735,72.2,75,4703,0
1.7.2026,55:22.9,0.909,54.2,70,7268,1
1.7.2026,16:05.9,0.694,45.1,49,4824,0
1.7.2026,25:59.6,0.66,20.9,54,4990,0
1.7.2026,45:30.0,0.664,16.7,50,7295,1
1.7.2026,06:44.2,0.699,33.8,51,4789,0
1.7.2026,14:38.6,0.717,100.0,66,7336,2
1.7.2026,21:11.0,0.724,100.0,65,7322,2
1.7.2026,14:01.4,0.827,16.3,56,4990,0
1.7.2026,26:21.7,0.828,37.0,71,4990,0
1.7.2026,12:25.2,0.904,13.8,51,4783,0
1.7.2026,15:24.7,0.714,100.0,64,7295,2
1.7.2026,39:28.5,0.662,25.7,51,5034,1
1.7.2026,29:46.2,0.801,19.2,49,4783,0
1.7.2026,46:04.2,1.009,35.0,60,7281,1
1.7.2026,49:49.3,0.879,45.8,50,7281,1
1.7.2026,13:10.6,0.834,100.0,82,7295,2
1.7.2026,42:13.1,0.794,35.2,50,4996,1
1.7.2026,18:42.8,0.766,100.0,70,7336,2
1.7.2026,17:48.2,0.726,24.9,52,4818,0
1.7.2026,52:22.1,0.665,22.3,48,7349,1
1.7.2026,56:22.4,0.916,27.3,64,4996,0
1.7.2026,55:45.0,0.658,44.6,55,7295,1
1.7.2026,23:01.2,0.752,22.8,51,4996,0
1.7.2026,57:03.3,0.96,45.5,60,7281,1
1.7.2026,30:42.4,0.669,11.3,47,4783,0
1.7.2026,18:30.4,0.902,20.1,56,4807,0
1.7.2026,56:35.2,0.766,82.3,61,7295,1
1.7.2026,14:10.6,0.766,100.0,71,7228,2
1.7.2026,20:22.8,0.906,44.3,61,4824,0
1.7.2026,21:34.9,0.894,35.8,58,4990,0
1.7.2026,12:12.7,0.896,100.0,94,7322,2
1.7.2026,56:06.4,0.806,67.3,72,5028,0
1.7.2026,54:18.0,0.917,35.0,70,4990,0
1.7.2026,17:44.8,0.762,100.0,65,7336,2
1.7.2026,08:04.4,0.719,23.9,54,4818,0
1.7.2026,29:00.1,0.666,18.1,49,5021,0
1.7.2026,40:32.7,0.667,27.4,53,5034,1
1.7.2026,20:42.9,0.737,100.0,67,7295,2
1.7.2026,11:54.6,0.904,100.0,93,7349,2
1.7.2026,54:28.1,0.741,14.2,56,5002,0
1.7.2026,47:04.4,0.667,16.1,47,7201,1
1.7.2026,47:00.4,0.666,18.6,48,7228,1
1.7.2026,16:20.8,0.686,100.0,61,7268,2
1.7.2026,10:38.8,0.874,21.1,52,4777,0
1.7.2026,17:32.7,0.74,100.0,65,7322,2
1.7.2026,55:28.9,0.945,52.4,67,7281,1
1.7.2026,29:16.2,0.667,15.1,47,5028,0
1.7.2026,52:47.8,0.961,31.1,66,4795,0
1.7.2026,56:04.4,0.949,47.2,68,5028,0
1.7.2026,04:31.9,0.903,12.0,57,4783,0
1.7.2026,29:38.2,0.913,8.5,47,4854,0
1.7.2026,57:56.7,0.896,38.9,62,4996,0
1.7.2026,19:59.6,0.774,100.0,70,7281,2
1.7.2026,55:00.8,0.662,37.6,50,7281,1
1.7.2026,28:34.1,0.844,30.0,59,4958,0
1.7.2026,16:48.8,0.768,100.0,64,7308,2
1.7.2026,51:17.6,0.964,6.0,53,4675,0
1.7.2026,24:57.5,0.797,13.2,54,4996,0
1.7.2026,18:11.1,0.756,100.0,67,7281,2
1.7.2026,26:29.7,0.696,13.5,54,5002,0
1.7.2026,06:10.1,0.698,14.8,49,4783,0
1.7.2026,54:46.7,0.727,41.1,51,7254,1
1.7.2026,59:29.0,0.996,14.7,59,5028,0
1.7.2026,43:07.4,0.999,27.0,61,5021,1
1.7.2026,21:00.8,0.892,29.0,61,4783,0
1.7.2026,16:10.9,0.704,100.0,61,7349,2
1.7.2026,20:28.8,0.829,44.3,58,4789,0
1.7.2026,52:06.0,0.666,14.1,49,7281,1
1.7.2026,19:52.9,0.797,100.0,69,7295,2
1.7.2026,11:53.1,0.781,29.5,54,4789,0
1.7.2026,02:35.5,0.996,25.8,67,4789,0
1.7.2026,15:00.6,0.709,100.0,64,7308,2
1.7.2026,58:31.7,0.982,48.3,72,7308,1
1.7.2026,59:47.1,0.999,16.2,57,5034,0
1.7.2026,53:24.4,0.666,38.1,48,7295,1
1.7.2026,42:55.4,0.751,26.1,53,5028,1
1.7.2026,46:50.4,0.93,29.1,52,7308,1
1.7.2026,56:02.4,0.882,50.0,63,5028,0
1.7.2026,06:50.2,0.671,11.6,50,4812,0
1.7.2026,59:01.8,0.736,41.7,61,7308,1
1.7.2026,12:27.2,0.797,13.2,51,4789,0
1.7.2026,20:10.7,0.835,44.4,68,4795,0
1.7.2026,19:50.9,0.777,100.0,70,7295,2
1.7.2026,09:26.7,0.703,13.6,49,4812,0
1.7.2026,17:52.4,0.767,100.0,67,7349,2
1.7.2026,22:05.0,0.719,21.1,57,4990,0
1.7.2026,07:22.3,0.754,27.6,49,4795,0
1.7.2026,00:24.2,0.815,68.7,61,7308,1
1.7.2026,56:45.3,0.668,35.8,52,7295,1
1.7.2026,18:28.9,0.782,100.0,68,7281,2
1.7.2026,30:12.3,0.71,23.6,49,4818,0
1.7.2026,55:54.3,0.892,20.3,65,5028,0
1.7.2026,15:04.6,0.693,100.0,63,7322,2
1.7.2026,44:31.7,0.687,21.6,46,7281,1
1.7.2026,04:29.9,0.797,11.7,51,4789,0
1.7.2026,20:21.0,0.741,100.0,67,7268,2
1.7.2026,22:57.1,0.766,15.9,51,4990,0
1.7.2026,19:42.9,0.761,100.0,68,7308,2
1.7.2026,13:05.3,1.001,31.8,67,4818,0
1.7.2026,58:45.8,0.79,94.5,61,7295,1
1.7.2026,44:37.8,0.963,39.1,55,7281,1
1.7.2026,06:32.1,0.825,18.6,50,4818,0
1.7.2026,43:51.6,0.706,18.1,47,7295,1
1.7.2026,57:14.6,0.841,16.2,59,4996,0
1.7.2026,29:24.2,0.691,23.6,48,4996,0
1.7.2026,39:40.5,0.664,16.8,49,5002,1
1.7.2026,11:23.0,1.001,36.8,62,4812,0
1.7.2026,55:48.3,0.751,29.1,67,5034,0
1.7.2026,16:09.9,0.883,16.8,52,4807,0
1.7.2026,50:03.4,0.921,43.5,64,7308,1
1.7.2026,13:44.6,0.815,100.0,75,7268,2
1.7.2026,23:51.3,0.819,41.4,57,4983,0
1.7.2026,57:36.6,0.893,16.8,56,5002,0
1.7.2026,53:22.4,0.702,32.5,48,7295,1
1.7.2026,20:34.8,1.004,32.4,58,4789,0
1.7.2026,11:24.5,0.847,100.0,95,7349,2
1.7.2026,00:21.2,0.902,19.3,55,5021,0
1.7.2026,00:49.2,0.881,10.9,58,4996,0
1.7.2026,16:40.0,0.848,13.4,48,4783,0
1.7.2026,04:25.8,0.753,13.0,51,4795,0
1.7.2026,55:06.2,0.936,17.2,61,5034,0
1.7.2026,39:06.3,0.718,54.2,56,5028,1
1.7.2026,57:46.6,0.766,30.1,56,4996,0
1.7.2026,47:38.6,0.945,40.1,62,7295,1
1.7.2026,18:58.5,0.786,17.9,54,4812,0
1.7.2026,59:15.0,0.897,16.3,59,5028,0
1.7.2026,46:52.4,0.687,39.0,50,7391,1
1.7.2026,56:43.2,0.662,40.6,54,7308,1
1.7.2026,16:54.8,0.696,100.0,62,7295,2
1.7.2026,15:25.7,0.829,28.3,61,4818,0
1.7.2026,55:51.0,1.001,42.7,61,7254,1
1.7.2026,19:46.9,0.782,100.0,68,7281,2
1.7.2026,29:36.2,0.867,10.0,50,4996,0
1.7.2026,54:18.6,0.858,45.9,63,7295,1
1.7.2026,46:26.3,1.033,25.3,62,7295,1
1.7.2026,03:53.7,0.773,13.6,52,4783,0
1.7.2026,17:10.9,0.728,100.0,63,7308,2
1.7.2026,57:35.5,0.817,73.8,59,7336,1
1.7.2026,19:36.6,0.846,15.2,52,4807,0
1.7.2026,51:54.0,0.987,51.5,54,7308,1
1.7.2026,58:20.8,0.826,44.2,62,4990,0
1.7.2026,12:29.2,0.663,12.8,51,4795,0
1.7.2026,51:03.5,0.97,15.7,50,4789,0
1.7.2026,54:46.1,0.909,15.4,56,4990,0
1.7.2026,14:23.5,0.909,20.6,59,4996,0
1.7.2026,27:58.0,0.694,36.5,55,4983,0
1.7.2026,22:51.1,0.902,33.5,55,4996,0
1.7.2026,53:52.5,0.661,21.7,51,7308,1
1.7.2026,53:28.4,0.674,32.1,48,7295,1
1.7.2026,16:44.8,0.743,100.0,64,7281,2
1.7.2026,45:54.2,0.897,44.1,59,7308,1
1.7.2026,45:52.2,1.001,52.5,67,7308,1
1.7.2026,59:58.1,0.959,61.4,76,7295,1
1.7.2026,50:01.4,0.94,47.0,52,7295,1
1.7.2026,41:55.1,0.669,25.8,51,4990,1
1.7.2026,18:26.9,0.752,100.0,70,7295,2
1.7.2026,05:48.0,0.926,9.8,53,4783,0
1.7.2026,49:35.2,0.996,35.6,52,7295,1
1.7.2026,11:10.5,0.924,100.0,100,7281,2
1.7.2026,29:02.1,0.792,22.6,57,5034,0
1.7.2026,56:07.0,0.659,40.5,52,7308,1
1.7.2026,40:44.7,0.699,41.7,54,5028,1
1.7.2026,19:24.9,0.791,100.0,70,7308,2
1.7.2026,53:18.4,0.666,27.5,48,7308,1
1.7.2026,55:26.9,0.67,66.5,55,7295,1
1.7.2026,45:28.0,0.663,18.6,50,7377,1
1.7.2026,11:04.5,0.921,100.0,100,7433,2
1.7.2026,16:01.4,0.674,100.0,61,7295,2
1.7.2026,13:13.3,0.823,97.7,67,4812,0
1.7.2026,13:53.4,0.932,22.0,61,4818,0
1.7.2026,40:46.7,0.666,49.5,54,5028,1
1.7.2026,00:22.3,0.662,71.2,56,7295,1
1.7.2026,40:28.6,0.726,44.1,56,5021,1
1.7.2026,55:36.9,0.681,29.7,56,7268,1
1.7.2026,01:39.3,0.664,12.7,50,4996,0
1.7.2026,12:43.2,0.736,49.4,68,4812,0
1.7.2026,46:42.3,0.87,33.9,58,7281,1
1.7.2026,48:12.8,0.782,40.7,48,7268,1
1.7.2026,14:45.6,0.97,15.9,56,5002,0
1.7.2026,44:57.9,0.693,45.4,52,7295,1
1.7.2026,41:37.0,0.751,22.1,54,5028,1
1.7.2026,57:53.6,0.751,53.9,58,7322,1
1.7.2026,23:33.3,0.881,14.6,51,4996,0
1.7.2026,12:01.1,0.662,21.0,51,4812,0
1.7.2026,12:11.1,0.803,19.6,51,4812,0
1.7.2026,17:55.0,0.775,100.0,67,7322,2
1.7.2026,42:25.2,0.757,22.9,52,4964,1
1.7.2026,45:34.1,0.684,40.3,50,7281,1
1.7.2026,45:50.1,0.89,42.3,55,7308,1
1.7.2026,48:46.9,0.88,49.5,61,7295,1
1.7.2026,17:20.9,0.732,100.0,62,7322,2
1.7.2026,49:53.3,0.889,49.5,56,7281,1
1.7.2026,54:22.6,0.951,62.2,62,7405,1
1.7.2026,44:01.6,0.802,19.6,46,7281,1
1.7.2026,20:02.9,0.757,100.0,68,7281,2
1.7.2026,20:31.0,0.762,100.0,67,7281,2
1.7.2026,53:42.5,0.718,41.1,50,7308,1
1.7.2026,26:11.7,0.775,43.8,65,4996,0
1.7.2026,17:38.1,0.867,47.9,59,4807,0
1.7.2026,52:10.0,0.669,15.4,47,7391,1
1.7.2026,59:36.0,0.671,58.6,56,7308,1
1.7.2026,56:21.1,0.833,47.9,60,7268,1
1.7.2026,30:36.4,0.742,11.9,48,4795,0
1.7.2026,26:27.7,0.709,15.3,55,4990,0
1.7.2026,09:06.6,0.664,14.5,49,4812,0
1.7.2026,54:52.7,0.996,40.5,62,7281,1
1.7.2026,57:31.5,0.787,91.6,60,7322,1
1.7.2026,13:30.6,0.813,100.0,79,7268,2
1.7.2026,54:12.0,0.774,23.7,62,5034,0
1.7.2026,25:09.5,0.859,45.5,68,4990,0
1.7.2026,09:52.8,1.001,25.6,58,4783,0
1.7.2026,19:54.6,0.851,24.9,55,4818,0
1.7.2026,48:22.8,1.001,54.0,71,7308,1
1.7.2026,12:06.6,0.888,100.0,93,7281,2
1.7.2026,25:45.6,0.661,18.9,52,4996,0
1.7.2026,57:54.7,0.701,34.3,56,5002,0
1.7.2026,04:09.8,0.729,10.1,50,4789,0
1.7.2026,20:08.7,0.919,61.5,64,4842,0
1.7.2026,04:19.8,0.704,20.7,51,4789,0
1.7.2026,19:08.8,0.762,100.0,70,7295,2
1.7.2026,25:25.5,0.658,16.1,54,4996,0
1.7.2026,48:24.8,0.986,43.6,63,7295,1
1.7.2026,23:09.2,0.662,19.9,51,5002,0
1.7.2026,51:15.7,1.001,42.2,71,7363,1
1.7.2026,12:34.6,0.862,100.0,91,7349,2
1.7.2026,17:56.2,0.786,20.7,53,4818,0
1.7.2026,57:19.4,0.68,52.0,57,7295,1
1.7.2026,07:50.4,0.701,46.8,55,4818,0
1.7.2026,17:06.1,0.747,33.9,54,4812,0
1.7.2026,11:30.6,0.907,100.0,94,7308,2
1.7.2026,57:42.6,0.657,38.1,54,4990,0
1.7.2026,19:00.9,0.766,100.0,70,7349,2
1.7.2026,58:49.8,0.777,53.3,65,7295,1
1.7.2026,03:41.7,0.677,12.7,51,4783,0
1.7.2026,05:01.9,0.904,16.0,51,4789,0
1.7.2026,55:32.9,1.0,71.0,76,7281,1
1.7.2026,04:07.8,0.672,10.6,51,4789,0
1.7.2026,49:39.2,1.001,21.4,53,7405,1
1.7.2026,29:54.3,0.652,18.1,51,4789,0
1.7.2026,48:44.9,0.697,38.3,53,7295,1
1.7.2026,16:58.8,0.717,100.0,61,7308,2
1.7.2026,29:34.2,0.802,16.0,48,4996,0
1.7.2026,44:27.7,0.674,19.6,48,7214,1
1.7.2026,53:09.9,0.778,55.5,75,4795,0
1.7.2026,18:08.9,0.752,100.0,67,7322,2
1.7.2026,30:30.4,0.767,22.4,52,4783,0
1.7.2026,07:30.4,0.852,35.1,70,4812,0
1.7.2026,03:43.7,0.701,21.0,53,4789,0
1.7.2026,16:34.0,0.893,24.7,65,4818,0
1.7.2026,17:30.1,0.858,44.4,58,4818,0
1.7.2026,27:01.9,0.656,18.6,57,4990,0
1.7.2026,20:24.8,0.811,37.8,57,4818,0
1.7.2026,02:19.5,0.824,17.2,52,4807,0
1.7.2026,25:01.5,0.661,13.3,52,4996,0
1.7.2026,41:22.9,0.67,29.9,52,5028,1
1.7.2026,06:16.1,0.862,14.7,49,4766,0
1.7.2026,18:18.3,0.788,68.4,65,4812,0
1.7.2026,24:19.4,0.745,52.1,61,5002,0
1.7.2026,15:26.7,0.712,100.0,63,7336,2
1.7.2026,57:44.6,0.76,16.6,54,4996,0
1.7.2026,56:24.4,0.821,19.5,62,4996,0
1.7.2026,51:33.8,0.664,47.8,54,7268,1
1.7.2026,14:31.5,0.824,26.1,58,5009,0
1.7.2026,48:54.9,1.022,48.1,65,7281,1
1.7.2026,28:48.1,0.751,29.7,50,5002,0
1.7.2026,25:11.5,0.739,42.7,56,4990,0
1.7.2026,51:45.9,0.663,27.5,50,7281,1
1.7.2026,14:34.6,0.739,100.0,68,7241,2
1.7.2026,52:09.7,0.922,100.0,75,4703,0
1.7.2026,16:58.1,0.817,18.3,52,4818,0
1.7.2026,48:10.7,0.675,36.2,47,7268,1
1.7.2026,45:14.0,0.704,41.0,54,7281,1
1.7.2026,44:19.7,0.946,22.8,49,7308,1
1.7.2026,17:26.8,0.755,100.0,64,7322,2
1.7.2026,59:05.0,0.894,17.8,57,5021,0
1.7.2026,18:07.0,0.727,100.0,67,7281,2
1.7.2026,11:06.9,0.676,33.1,53,4812,0
1.7.2026,42:07.1,0.664,18.3,49,5054,1
1.7.2026,18:20.9,0.758,100.0,68,7281,2
1.7.2026,12:39.2,0.795,11.1,50,4789,0
1.7.2026,49:51.3,0.853,42.2,53,7308,1
1.7.2026,41:06.9,0.662,33.7,52,5028,1
1.7.2026,12:42.7,0.867,100.0,87,7308,2
1.7.2026,09:50.8,0.69,20.8,47,4789,0
1.7.2026,57:20.6,0.868,22.6,61,5009,0
1.7.2026,59:09.8,0.787,87.4,61,7308,1
1.7.2026,23:39.3,0.717,13.1,50,4990,0
1.7.2026,17:38.7,0.762,100.0,66,7363,2
1.7.2026,27:13.9,0.76,51.3,61,4958,0
1.7.2026,06:54.2,0.714,9.7,49,4789,0
1.7.2026,16:01.8,0.951,18.8,49,4818,0
1.7.2026,51:43.7,0.79,12.1,59,4675,0
1.7.2026,06:24.1,0.709,10.8,48,4789,0
1.7.2026,30:38.4,0.667,11.2,48,4789,0
1.7.2026,22:59.2,0.762,18.7,51,4996,0
1.7.2026,39:22.4,0.779,26.0,54,4983,1
1.7.2026,49:25.1,0.66,35.4,51,7268,1
1.7.2026,16:46.0,0.943,29.2,58,4824,0
1.7.2026,55:06.8,0.671,27.8,50,7268,1
1.7.2026,55:22.2,0.878,86.7,69,5021,0
1.7.2026,20:34.9,0.732,100.0,68,7254,2
1.7.2026,48:18.8,0.969,53.4,59,7295,1
1.7.2026,02:05.4,0.837,35.2,57,4996,0
1.7.2026,40:08.6,1.001,26.6,53,5028,1
1.7.2026,06:38.2,0.797,37.0,57,4812,0
1.7.2026,53:32.4,1.012,28.3,61,7295,1
1.7.2026,27:40.0,0.733,42.7,56,4990,0
1.7.2026,28:50.1,0.739,35.7,53,5015,0
1.7.2026,42:01.1,0.675,23.8,51,4996,1
1.7.2026,19:48.6,0.784,48.0,52,4818,0
